This file contains any messages produced by compilers while
running configure, to aid debugging if configure makes a mistake.

It was created by configure, which was
generated by GNU Autoconf 2.71.  Invocation command line was

  $ ./configure --prefix=/c/Users/voan2/SDL2-scoop

## --------- ##
## Platform. ##
## --------- ##

hostname = DESKTOP-9Q2IBVF
uname -m = x86_64
uname -r = 3.5.7-463ebcdc.x86_64
uname -s = MINGW64_NT-10.0-19045
uname -v = 2025-03-03 17:26 UTC

/usr/bin/uname -p = unknown
/bin/uname -X     = unknown

/bin/arch              = x86_64
/usr/bin/arch -k       = unknown
/usr/convex/getsysinfo = unknown
/usr/bin/hostinfo      = unknown
/bin/machine           = unknown
/usr/bin/oslevel       = unknown
/bin/universe          = unknown

PATH: /c/Users/voan2/bin/
PATH: /mingw64/bin/
PATH: /usr/local/bin/
PATH: /usr/bin/
PATH: /bin/
PATH: /mingw64/bin/
PATH: /usr/bin/
PATH: /c/Users/voan2/bin/
PATH: /c/Windows/system32/
PATH: /c/Windows/
PATH: /c/Windows/System32/Wbem/
PATH: /c/Windows/System32/WindowsPowerShell/v1.0/
PATH: /c/Windows/System32/OpenSSH/
PATH: /c/Program Files/NVIDIA Corporation/NVIDIA App/NvDLISR/
PATH: /c/Program Files (x86)/NVIDIA Corporation/PhysX/Common/
PATH: /cmd/
PATH: /c/Users/voan2/scoop/apps/gcc/current/bin/
PATH: /c/Users/voan2/scoop/shims/
PATH: /c/Users/voan2/AppData/Local/Programs/Python/Python312/Scripts/
PATH: /c/Users/voan2/AppData/Local/Programs/Python/Python312/
PATH: /c/Users/voan2/AppData/Local/Microsoft/WindowsApps/
PATH: /c/Users/voan2/AppData/Local/GitHubDesktop/bin/
PATH: /c/Users/voan2/AppData/Local/Programs/Microsoft VS Code/bin/
PATH: /usr/bin/vendor_perl/
PATH: /usr/bin/core_perl/


## ----------- ##
## Core tests. ##
## ----------- ##

configure:3346: looking for aux files: install-sh config.guess config.sub ltmain.sh
configure:3359:  trying ./build-scripts/
configure:3370:   ./build-scripts/install-sh found
configure:3388:   ./build-scripts/config.guess found
configure:3388:   ./build-scripts/config.sub found
configure:3388:   ./build-scripts/ltmain.sh found
configure:3565: checking build system type
configure:3580: result: x86_64-pc-mingw64
configure:3600: checking host system type
configure:3614: result: x86_64-pc-mingw64
configure:3655: checking how to print strings
configure:3682: result: printf
configure:3765: checking for gcc
configure:3786: found /c/Users/voan2/scoop/apps/gcc/current/bin/gcc
configure:3797: result: gcc
configure:4150: checking for C compiler version
configure:4159: gcc --version >&5
gcc.exe (GCC) 13.2.0
Copyright (C) 2023 Free Software Foundation, Inc.
This is free software; see the source for copying conditions.  There is NO
warranty; not even for MERCHANTABILITY or FITNESS FOR A PARTICULAR PURPOSE.

configure:4170: $? = 0
configure:4159: gcc -v >&5
Using built-in specs.
COLLECT_GCC=C:\Users\voan2\scoop\apps\gcc\current\bin\gcc.exe
COLLECT_LTO_WRAPPER=C:/Users/voan2/scoop/apps/gcc/13.2.0/bin/../libexec/gcc/x86_64-w64-mingw32/13.2.0/lto-wrapper.exe
Target: x86_64-w64-mingw32
Configured with: ../src/configure --enable-languages=c,c++ --build=x86_64-w64-mingw32 --host=x86_64-w64-mingw32 --target=x86_64-w64-mingw32 --disable-multilib --prefix=/e/temp/gcc/dest --with-sysroot=/e/temp/gcc/dest --disable-libstdcxx-pch --disable-libstdcxx-verbose --disable-nls --disable-shared --disable-win32-registry --enable-threads=posix --enable-libgomp --with-zstd=/c/mingw
Thread model: posix
Supported LTO compression algorithms: zlib zstd
gcc version 13.2.0 (GCC) 
configure:4170: $? = 0
configure:4159: gcc -V >&5
gcc.exe: error: unrecognized command-line option '-V'
gcc.exe: fatal error: no input files
compilation terminated.
configure:4170: $? = 1
configure:4159: gcc -qversion >&5
gcc.exe: error: unrecognized command-line option '-qversion'; did you mean '--version'?
gcc.exe: fatal error: no input files
compilation terminated.
configure:4170: $? = 1
configure:4159: gcc -version >&5
gcc.exe: error: unrecognized command-line option '-version'
gcc.exe: fatal error: no input files
compilation terminated.
configure:4170: $? = 1
configure:4190: checking whether the C compiler works
configure:4212: gcc    conftest.c  >&5
configure:4216: $? = 0
configure:4266: result: yes
configure:4269: checking for C compiler default output file name
configure:4271: result: a.exe
configure:4277: checking for suffix of executables
configure:4284: gcc -o conftest.exe    conftest.c  >&5
configure:4288: $? = 0
configure:4311: result: .exe
configure:4333: checking whether we are cross compiling
configure:4341: gcc -o conftest.exe    conftest.c  >&5
configure:4345: $? = 0
configure:4352: ./conftest.exe
configure:4356: $? = 0
configure:4371: result: no
configure:4376: checking for suffix of object files
configure:4399: gcc -c   conftest.c >&5
configure:4403: $? = 0
configure:4425: result: o
configure:4429: checking whether the compiler supports GNU C
configure:4449: gcc -c   conftest.c >&5
configure:4449: $? = 0
configure:4459: result: yes
configure:4470: checking whether gcc accepts -g
configure:4491: gcc -c -g  conftest.c >&5
configure:4491: $? = 0
configure:4535: result: yes
configure:4555: checking for gcc option to enable C11 features
configure:4570: gcc  -c -g -O2  conftest.c >&5
configure:4570: $? = 0
configure:4588: result: none needed
configure:4698: checking for a sed that does not truncate output
configure:4768: result: /usr/bin/sed
configure:4786: checking for grep that handles long lines and -e
configure:4850: result: /usr/bin/grep
configure:4855: checking for egrep
configure:4923: result: /usr/bin/grep -E
configure:4928: checking for fgrep
configure:4996: result: /usr/bin/grep -F
configure:5032: checking for ld used by gcc
configure:5100: result: C:/Users/voan2/scoop/apps/gcc/13.2.0/x86_64-w64-mingw32/bin/ld.exe
configure:5107: checking if the linker (C:/Users/voan2/scoop/apps/gcc/13.2.0/x86_64-w64-mingw32/bin/ld.exe) is GNU ld
configure:5123: result: yes
configure:5135: checking for BSD- or MS-compatible name lister (nm)
configure:5190: result: /c/Users/voan2/scoop/apps/gcc/current/bin/nm -B
configure:5330: checking the name lister (/c/Users/voan2/scoop/apps/gcc/current/bin/nm -B) interface
configure:5338: gcc -c -g -O2  conftest.c >&5
configure:5341: /c/Users/voan2/scoop/apps/gcc/current/bin/nm -B "conftest.o"
configure:5344: output
0000000000000000 b .bss
0000000000000000 d .data
0000000000000000 N .debug_abbrev
0000000000000000 N .debug_aranges
0000000000000000 N .debug_info
0000000000000000 N .debug_line
0000000000000000 N .debug_line_str
0000000000000000 r .rdata$zzz
0000000000000000 t .text
0000000000000000 B some_variable
configure:5351: result: BSD nm
configure:5354: checking whether ln -s works
configure:5361: result: no, using cp -pR
configure:5366: checking the maximum length of command line arguments
configure:5498: result: 8192
configure:5546: checking how to convert x86_64-pc-mingw64 file names to x86_64-pc-mingw64 format
configure:5587: result: func_convert_file_msys_to_w32
configure:5594: checking how to convert x86_64-pc-mingw64 file names to toolchain format
configure:5615: result: func_convert_file_msys_to_w32
configure:5622: checking for C:/Users/voan2/scoop/apps/gcc/13.2.0/x86_64-w64-mingw32/bin/ld.exe option to reload object files
configure:5630: result: -r
configure:5709: checking for objdump
configure:5730: found /c/Users/voan2/scoop/apps/gcc/current/bin/objdump
configure:5741: result: objdump
configure:5770: checking how to recognize dependent libraries
configure:5973: result: pass_all
configure:6063: checking for dlltool
configure:6084: found /c/Users/voan2/scoop/apps/gcc/current/bin/dlltool
configure:6095: result: dlltool
configure:6125: checking how to associate runtime and link libraries
configure:6153: result: func_cygming_dll_for_implib
configure:6219: checking for ar
configure:6240: found /c/Users/voan2/scoop/apps/gcc/current/bin/ar
configure:6251: result: ar
configure:6288: checking for archiver @FILE support
configure:6306: gcc -c -g -O2  conftest.c >&5
configure:6306: $? = 0
configure:6310: ar cru libconftest.a @conftest.lst >&5
configure:6313: $? = 0
configure:6318: ar cru libconftest.a @conftest.lst >&5
C:\Users\voan2\scoop\apps\gcc\current\bin\ar.exe: conftest.o: No such file or directory
configure:6321: $? = 1
configure:6333: result: @
configure:6396: checking for strip
configure:6417: found /c/Users/voan2/scoop/apps/gcc/current/bin/strip
configure:6428: result: strip
configure:6505: checking for ranlib
configure:6526: found /c/Users/voan2/scoop/apps/gcc/current/bin/ranlib
configure:6537: result: ranlib
configure:6614: checking for gawk
configure:6635: found /usr/bin/gawk
configure:6646: result: gawk
configure:6686: checking command to parse /c/Users/voan2/scoop/apps/gcc/current/bin/nm -B output from gcc object
configure:6840: gcc -c -g -O2  conftest.c >&5
configure:6843: $? = 0
configure:6847: /c/Users/voan2/scoop/apps/gcc/current/bin/nm -B conftest.o \| sed -n -e 's/^.*[ ]\([ABCDGIRSTW][ABCDGIRSTW]*\)[ ][ ]*\([_A-Za-z][_A-Za-z0-9]*\)\{0,1\}$/\1 \2 \2/p' | sed '/ __gnu_lto/d' \> conftest.nm
configure:6850: $? = 0
configure:6916: gcc -o conftest.exe -g -O2   conftest.c conftstm.o >&5
configure:6919: $? = 0
configure:6957: result: ok
configure:7004: checking for sysroot
configure:7035: result: no
configure:7042: checking for a working dd
configure:7086: result: /usr/bin/dd
configure:7090: checking how to truncate binary pipes
configure:7106: result: /usr/bin/dd bs=4096 count=1
configure:7443: checking for mt
configure:7478: result: no
configure:7498: checking if : is a manifest tool
configure:7505: : '-?'
configure:7513: result: no
configure:8238: checking for stdio.h
configure:8238: gcc -c -g -O2  conftest.c >&5
configure:8238: $? = 0
configure:8238: result: yes
configure:8238: checking for stdlib.h
configure:8238: gcc -c -g -O2  conftest.c >&5
configure:8238: $? = 0
configure:8238: result: yes
configure:8238: checking for string.h
configure:8238: gcc -c -g -O2  conftest.c >&5
configure:8238: $? = 0
configure:8238: result: yes
configure:8238: checking for inttypes.h
configure:8238: gcc -c -g -O2  conftest.c >&5
configure:8238: $? = 0
configure:8238: result: yes
configure:8238: checking for stdint.h
configure:8238: gcc -c -g -O2  conftest.c >&5
configure:8238: $? = 0
configure:8238: result: yes
configure:8238: checking for strings.h
configure:8238: gcc -c -g -O2  conftest.c >&5
configure:8238: $? = 0
configure:8238: result: yes
configure:8238: checking for sys/stat.h
configure:8238: gcc -c -g -O2  conftest.c >&5
configure:8238: $? = 0
configure:8238: result: yes
configure:8238: checking for sys/types.h
configure:8238: gcc -c -g -O2  conftest.c >&5
configure:8238: $? = 0
configure:8238: result: yes
configure:8238: checking for unistd.h
configure:8238: gcc -c -g -O2  conftest.c >&5
configure:8238: $? = 0
configure:8238: result: yes
configure:8263: checking for dlfcn.h
configure:8263: gcc -c -g -O2  conftest.c >&5
conftest.c:48:10: fatal error: dlfcn.h: No such file or directory
   48 | #include <dlfcn.h>
      |          ^~~~~~~~~
compilation terminated.
configure:8263: $? = 1
configure: failed program was:
| /* confdefs.h */
| #define PACKAGE_NAME ""
| #define PACKAGE_TARNAME ""
| #define PACKAGE_VERSION ""
| #define PACKAGE_STRING ""
| #define PACKAGE_BUGREPORT ""
| #define PACKAGE_URL ""
| #define HAVE_STDIO_H 1
| #define HAVE_STDLIB_H 1
| #define HAVE_STRING_H 1
| #define HAVE_INTTYPES_H 1
| #define HAVE_STDINT_H 1
| #define HAVE_STRINGS_H 1
| #define HAVE_SYS_STAT_H 1
| #define HAVE_SYS_TYPES_H 1
| #define HAVE_UNISTD_H 1
| #define STDC_HEADERS 1
| /* end confdefs.h.  */
| #include <stddef.h>
| #ifdef HAVE_STDIO_H
| # include <stdio.h>
| #endif
| #ifdef HAVE_STDLIB_H
| # include <stdlib.h>
| #endif
| #ifdef HAVE_STRING_H
| # include <string.h>
| #endif
| #ifdef HAVE_INTTYPES_H
| # include <inttypes.h>
| #endif
| #ifdef HAVE_STDINT_H
| # include <stdint.h>
| #endif
| #ifdef HAVE_STRINGS_H
| # include <strings.h>
| #endif
| #ifdef HAVE_SYS_TYPES_H
| # include <sys/types.h>
| #endif
| #ifdef HAVE_SYS_STAT_H
| # include <sys/stat.h>
| #endif
| #ifdef HAVE_UNISTD_H
| # include <unistd.h>
| #endif
| 
| #include <dlfcn.h>
configure:8263: result: no
configure:8328: checking for as
configure:8349: found /c/Users/voan2/scoop/apps/gcc/current/bin/as
configure:8360: result: as
configure:8430: checking for dlltool
configure:8462: result: dlltool
configure:8532: checking for objdump
configure:8564: result: objdump
configure:8850: checking for objdir
configure:8866: result: .libs
configure:9130: checking if gcc supports -fno-rtti -fno-exceptions
configure:9149: gcc -c -g -O2  -fno-rtti -fno-exceptions conftest.c >&5
cc1.exe: warning: command-line option '-fno-rtti' is valid for C++/D/ObjC++ but not for C
configure:9153: $? = 0
configure:9166: result: no
configure:9524: checking for gcc option to produce PIC
configure:9532: result: -DDLL_EXPORT -DPIC
configure:9540: checking if gcc PIC flag -DDLL_EXPORT -DPIC works
configure:9559: gcc -c -g -O2  -DDLL_EXPORT -DPIC -DPIC conftest.c >&5
configure:9563: $? = 0
configure:9576: result: yes
configure:9605: checking if gcc static flag -static works
configure:9634: result: yes
configure:9649: checking if gcc supports -c -o file.o
configure:9671: gcc -c -g -O2  -o out/conftest2.o conftest.c >&5
configure:9675: $? = 0
configure:9697: result: yes
configure:9705: checking if gcc supports -c -o file.o
configure:9753: result: yes
configure:9786: checking whether the gcc linker (C:/Users/voan2/scoop/apps/gcc/13.2.0/x86_64-w64-mingw32/bin/ld.exe) supports shared libraries
configure:11054: result: yes
configure:11091: checking whether -lc should be explicitly linked in
configure:11100: gcc -c -g -O2  conftest.c >&5
configure:11103: $? = 0
configure:11118: gcc -shared conftest.o  -v -o ./conftest -Wl,--enable-auto-image-base -Xlinker --out-implib -Xlinker conftest 2\>\&1 \| /usr/bin/grep  -lc  \>/dev/null 2\>\&1
configure:11121: $? = 1
configure:11135: result: yes
configure:11295: checking dynamic linker characteristics
configure:12123: result: Win32 ld.exe
configure:12245: checking how to hardcode library paths into programs
configure:12270: result: immediate
configure:12822: checking whether stripping libraries is possible
configure:12831: result: yes
configure:12873: checking if libtool supports shared libraries
configure:12875: result: yes
configure:12878: checking whether to build shared libraries
configure:12903: result: yes
configure:12906: checking whether to build static libraries
configure:12910: result: yes
configure:12995: checking for windres
configure:13016: found /c/Users/voan2/scoop/apps/gcc/current/bin/windres
configure:13027: result: windres
configure:13151: checking for gawk
configure:13183: result: gawk
configure:13247: checking for gcc
configure:13279: result: gcc
configure:13632: checking for C compiler version
configure:13641: gcc --version >&5
gcc.exe (GCC) 13.2.0
Copyright (C) 2023 Free Software Foundation, Inc.
This is free software; see the source for copying conditions.  There is NO
warranty; not even for MERCHANTABILITY or FITNESS FOR A PARTICULAR PURPOSE.

configure:13652: $? = 0
configure:13641: gcc -v >&5
Using built-in specs.
COLLECT_GCC=C:\Users\voan2\scoop\apps\gcc\current\bin\gcc.exe
COLLECT_LTO_WRAPPER=C:/Users/voan2/scoop/apps/gcc/13.2.0/bin/../libexec/gcc/x86_64-w64-mingw32/13.2.0/lto-wrapper.exe
Target: x86_64-w64-mingw32
Configured with: ../src/configure --enable-languages=c,c++ --build=x86_64-w64-mingw32 --host=x86_64-w64-mingw32 --target=x86_64-w64-mingw32 --disable-multilib --prefix=/e/temp/gcc/dest --with-sysroot=/e/temp/gcc/dest --disable-libstdcxx-pch --disable-libstdcxx-verbose --disable-nls --disable-shared --disable-win32-registry --enable-threads=posix --enable-libgomp --with-zstd=/c/mingw
Thread model: posix
Supported LTO compression algorithms: zlib zstd
gcc version 13.2.0 (GCC) 
configure:13652: $? = 0
configure:13641: gcc -V >&5
gcc.exe: error: unrecognized command-line option '-V'
gcc.exe: fatal error: no input files
compilation terminated.
configure:13652: $? = 1
configure:13641: gcc -qversion >&5
gcc.exe: error: unrecognized command-line option '-qversion'; did you mean '--version'?
gcc.exe: fatal error: no input files
compilation terminated.
configure:13652: $? = 1
configure:13641: gcc -version >&5
gcc.exe: error: unrecognized command-line option '-version'
gcc.exe: fatal error: no input files
compilation terminated.
configure:13652: $? = 1
configure:13656: checking whether the compiler supports GNU C
configure:13686: result: yes
configure:13697: checking whether gcc accepts -g
configure:13762: result: yes
configure:13782: checking for gcc option to enable C11 features
configure:13815: result: none needed
configure:13994: checking for g++
configure:14015: found /c/Users/voan2/scoop/apps/gcc/current/bin/g++
configure:14026: result: g++
configure:14053: checking for C++ compiler version
configure:14062: g++ --version >&5
g++.exe (GCC) 13.2.0
Copyright (C) 2023 Free Software Foundation, Inc.
This is free software; see the source for copying conditions.  There is NO
warranty; not even for MERCHANTABILITY or FITNESS FOR A PARTICULAR PURPOSE.

configure:14073: $? = 0
configure:14062: g++ -v >&5
Using built-in specs.
COLLECT_GCC=C:\Users\voan2\scoop\apps\gcc\current\bin\g++.exe
COLLECT_LTO_WRAPPER=C:/Users/voan2/scoop/apps/gcc/13.2.0/bin/../libexec/gcc/x86_64-w64-mingw32/13.2.0/lto-wrapper.exe
Target: x86_64-w64-mingw32
Configured with: ../src/configure --enable-languages=c,c++ --build=x86_64-w64-mingw32 --host=x86_64-w64-mingw32 --target=x86_64-w64-mingw32 --disable-multilib --prefix=/e/temp/gcc/dest --with-sysroot=/e/temp/gcc/dest --disable-libstdcxx-pch --disable-libstdcxx-verbose --disable-nls --disable-shared --disable-win32-registry --enable-threads=posix --enable-libgomp --with-zstd=/c/mingw
Thread model: posix
Supported LTO compression algorithms: zlib zstd
gcc version 13.2.0 (GCC) 
configure:14073: $? = 0
configure:14062: g++ -V >&5
g++.exe: error: unrecognized command-line option '-V'
g++.exe: fatal error: no input files
compilation terminated.
configure:14073: $? = 1
configure:14062: g++ -qversion >&5
g++.exe: error: unrecognized command-line option '-qversion'; did you mean '--version'?
g++.exe: fatal error: no input files
compilation terminated.
configure:14073: $? = 1
configure:14077: checking whether the compiler supports GNU C++
configure:14097: g++ -c   conftest.cpp >&5
configure:14097: $? = 0
configure:14107: result: yes
configure:14118: checking whether g++ accepts -g
configure:14139: g++ -c -g  conftest.cpp >&5
configure:14139: $? = 0
configure:14183: result: yes
configure:14203: checking for g++ option to enable C++11 features
configure:14218: g++  -c -g -O2  conftest.cpp >&5
conftest.cpp: In function 'int main(int, char**)':
conftest.cpp:186:25: warning: empty parentheses were disambiguated as a function declaration [-Wvexing-parse]
  186 |   cxx11test::delegate d2();
      |                         ^~
conftest.cpp:186:25: note: remove parentheses to default-initialize a variable
  186 |   cxx11test::delegate d2();
      |                         ^~
      |                         --
conftest.cpp:186:25: note: or replace parentheses with braces to value-initialize a variable
configure:14218: $? = 0
configure:14236: result: none needed
configure:14318: checking how to run the C++ preprocessor
configure:14340: g++ -E  conftest.cpp
configure:14340: $? = 0
configure:14355: g++ -E  conftest.cpp
conftest.cpp:20:10: fatal error: ac_nonexistent.h: No such file or directory
   20 | #include <ac_nonexistent.h>
      |          ^~~~~~~~~~~~~~~~~~
compilation terminated.
configure:14355: $? = 1
configure: failed program was:
| /* confdefs.h */
| #define PACKAGE_NAME ""
| #define PACKAGE_TARNAME ""
| #define PACKAGE_VERSION ""
| #define PACKAGE_STRING ""
| #define PACKAGE_BUGREPORT ""
| #define PACKAGE_URL ""
| #define HAVE_STDIO_H 1
| #define HAVE_STDLIB_H 1
| #define HAVE_STRING_H 1
| #define HAVE_INTTYPES_H 1
| #define HAVE_STDINT_H 1
| #define HAVE_STRINGS_H 1
| #define HAVE_SYS_STAT_H 1
| #define HAVE_SYS_TYPES_H 1
| #define HAVE_UNISTD_H 1
| #define STDC_HEADERS 1
| #define LT_OBJDIR ".libs/"
| /* end confdefs.h.  */
| #include <ac_nonexistent.h>
configure:14382: result: g++ -E
configure:14396: g++ -E  conftest.cpp
configure:14396: $? = 0
configure:14411: g++ -E  conftest.cpp
conftest.cpp:20:10: fatal error: ac_nonexistent.h: No such file or directory
   20 | #include <ac_nonexistent.h>
      |          ^~~~~~~~~~~~~~~~~~
compilation terminated.
configure:14411: $? = 1
configure: failed program was:
| /* confdefs.h */
| #define PACKAGE_NAME ""
| #define PACKAGE_TARNAME ""
| #define PACKAGE_VERSION ""
| #define PACKAGE_STRING ""
| #define PACKAGE_BUGREPORT ""
| #define PACKAGE_URL ""
| #define HAVE_STDIO_H 1
| #define HAVE_STDLIB_H 1
| #define HAVE_STRING_H 1
| #define HAVE_INTTYPES_H 1
| #define HAVE_STDINT_H 1
| #define HAVE_STRINGS_H 1
| #define HAVE_SYS_STAT_H 1
| #define HAVE_SYS_TYPES_H 1
| #define HAVE_UNISTD_H 1
| #define STDC_HEADERS 1
| #define LT_OBJDIR ".libs/"
| /* end confdefs.h.  */
| #include <ac_nonexistent.h>
configure:14576: checking for ld used by g++
configure:14644: result: C:/Users/voan2/scoop/apps/gcc/13.2.0/x86_64-w64-mingw32/bin/ld.exe
configure:14651: checking if the linker (C:/Users/voan2/scoop/apps/gcc/13.2.0/x86_64-w64-mingw32/bin/ld.exe) is GNU ld
configure:14667: result: yes
configure:14722: checking whether the g++ linker (C:/Users/voan2/scoop/apps/gcc/13.2.0/x86_64-w64-mingw32/bin/ld.exe) supports shared libraries
configure:15800: result: yes
configure:15836: g++ -c -g -O2  conftest.cpp >&5
configure:15839: $? = 0
configure:16321: checking for g++ option to produce PIC
configure:16329: result: -DDLL_EXPORT -DPIC
configure:16337: checking if g++ PIC flag -DDLL_EXPORT -DPIC works
configure:16356: g++ -c -g -O2  -DDLL_EXPORT -DPIC -DPIC conftest.cpp >&5
configure:16360: $? = 0
configure:16373: result: yes
configure:16396: checking if g++ static flag -static works
configure:16425: result: yes
configure:16437: checking if g++ supports -c -o file.o
configure:16459: g++ -c -g -O2  -o out/conftest2.o conftest.cpp >&5
configure:16463: $? = 0
configure:16485: result: yes
configure:16490: checking if g++ supports -c -o file.o
configure:16538: result: yes
configure:16568: checking whether the g++ linker (C:/Users/voan2/scoop/apps/gcc/13.2.0/x86_64-w64-mingw32/bin/ld.exe) supports shared libraries
configure:16608: result: yes
configure:16750: checking dynamic linker characteristics
configure:17505: result: Win32 ld.exe
configure:17570: checking how to hardcode library paths into programs
configure:17595: result: immediate
configure:17635: checking for egrep
configure:17703: result: /usr/bin/grep -E
configure:17708: checking for fgrep
configure:17776: result: /usr/bin/grep -F
configure:17796: checking for a BSD-compatible install
configure:17869: result: /usr/bin/install -c
configure:17880: checking whether make sets $(MAKE)
configure:17903: result: yes
configure:17971: checking for pkg-config
configure:18009: result: no
configure:18051: checking for gsort
configure:18086: result: no
configure:18051: checking for sort
configure:18072: found /usr/bin/sort
configure:18083: result: sort
configure:18109: checking for special C compiler options needed for large files
configure:18157: result: no
configure:18163: checking for _FILE_OFFSET_BITS value needed for large files
configure:18189: gcc -c -g -O2  conftest.c >&5
conftest.c:25:39: warning: result of '-2147483648 << 31' requires 63 bits to represent, but 'long int' only has 32 bits [-Wshift-overflow=]
   25 | #define LARGE_OFF_T (((off_t) 1 << 31 << 31) - 1 + ((off_t) 1 << 31 << 31))
      |                                       ^~
conftest.c:26:23: note: in expansion of macro 'LARGE_OFF_T'
   26 |   int off_t_is_large[(LARGE_OFF_T % 2147483629 == 721
      |                       ^~~~~~~~~~~
conftest.c:25:69: warning: result of '-2147483648 << 31' requires 63 bits to represent, but 'long int' only has 32 bits [-Wshift-overflow=]
   25 | #define LARGE_OFF_T (((off_t) 1 << 31 << 31) - 1 + ((off_t) 1 << 31 << 31))
      |                                                                     ^~
conftest.c:26:23: note: in expansion of macro 'LARGE_OFF_T'
   26 |   int off_t_is_large[(LARGE_OFF_T % 2147483629 == 721
      |                       ^~~~~~~~~~~
conftest.c:25:39: warning: result of '-2147483648 << 31' requires 63 bits to represent, but 'long int' only has 32 bits [-Wshift-overflow=]
   25 | #define LARGE_OFF_T (((off_t) 1 << 31 << 31) - 1 + ((off_t) 1 << 31 << 31))
      |                                       ^~
conftest.c:27:27: note: in expansion of macro 'LARGE_OFF_T'
   27 |                        && LARGE_OFF_T % 2147483647 == 1)
      |                           ^~~~~~~~~~~
conftest.c:25:69: warning: result of '-2147483648 << 31' requires 63 bits to represent, but 'long int' only has 32 bits [-Wshift-overflow=]
   25 | #define LARGE_OFF_T (((off_t) 1 << 31 << 31) - 1 + ((off_t) 1 << 31 << 31))
      |                                                                     ^~
conftest.c:27:27: note: in expansion of macro 'LARGE_OFF_T'
   27 |                        && LARGE_OFF_T % 2147483647 == 1)
      |                           ^~~~~~~~~~~
conftest.c:26:7: error: variably modified 'off_t_is_large' at file scope
   26 |   int off_t_is_large[(LARGE_OFF_T % 2147483629 == 721
      |       ^~~~~~~~~~~~~~
configure:18189: $? = 1
configure: failed program was:
| /* confdefs.h */
| #define PACKAGE_NAME ""
| #define PACKAGE_TARNAME ""
| #define PACKAGE_VERSION ""
| #define PACKAGE_STRING ""
| #define PACKAGE_BUGREPORT ""
| #define PACKAGE_URL ""
| #define HAVE_STDIO_H 1
| #define HAVE_STDLIB_H 1
| #define HAVE_STRING_H 1
| #define HAVE_INTTYPES_H 1
| #define HAVE_STDINT_H 1
| #define HAVE_STRINGS_H 1
| #define HAVE_SYS_STAT_H 1
| #define HAVE_SYS_TYPES_H 1
| #define HAVE_UNISTD_H 1
| #define STDC_HEADERS 1
| #define LT_OBJDIR ".libs/"
| /* end confdefs.h.  */
| #include <sys/types.h>
|  /* Check that off_t can represent 2**63 - 1 correctly.
|     We can't simply define LARGE_OFF_T to be 9223372036854775807,
|     since some C++ compilers masquerading as C compilers
|     incorrectly reject 9223372036854775807.  */
| #define LARGE_OFF_T (((off_t) 1 << 31 << 31) - 1 + ((off_t) 1 << 31 << 31))
|   int off_t_is_large[(LARGE_OFF_T % 2147483629 == 721
| 		       && LARGE_OFF_T % 2147483647 == 1)
| 		      ? 1 : -1];
| int
| main (void)
| {
| 
|   ;
|   return 0;
| }
configure:18214: gcc -c -g -O2  conftest.c >&5
configure:18214: $? = 0
configure:18223: result: 64
configure:18438: checking for an ANSI C-conforming const
configure:18505: gcc -c -g -O2 -I./include -idirafter ./src/video/khronos   -I./include -idirafter ./src/video/khronos  conftest.c >&5
configure:18505: $? = 0
configure:18513: result: yes
configure:18521: checking for inline
configure:18538: gcc -c -g -O2 -I./include -idirafter ./src/video/khronos   -I./include -idirafter ./src/video/khronos  conftest.c >&5
configure:18538: $? = 0
configure:18547: result: inline
configure:18565: checking for working volatile
configure:18585: gcc -c -g -O2 -I./include -idirafter ./src/video/khronos   -I./include -idirafter ./src/video/khronos  conftest.c >&5
configure:18585: $? = 0
configure:18593: result: yes
configure:18650: checking for GCC -MMD -MT option
configure:18667: gcc -c -g -O2 -I./include -idirafter ./src/video/khronos   -I./include -idirafter ./src/video/khronos  conftest.c >&5
configure:18667: $? = 0
configure:18672: result: yes
configure:18680: checking for linker option --no-undefined
configure:18700: gcc -o conftest.exe -g -O2 -I./include -idirafter ./src/video/khronos   -I./include -idirafter ./src/video/khronos   -Wl,--no-undefined conftest.c  >&5
configure:18700: $? = 0
configure:18712: result: yes
configure:18715: checking for linker option --dynamicbase
configure:18733: gcc -o conftest.exe -g -O2 -I./include -idirafter ./src/video/khronos   -I./include -idirafter ./src/video/khronos   -Wl,--dynamicbase conftest.c  >&5
configure:18733: $? = 0
configure:18745: result: yes
configure:18748: checking for linker option --nxcompat
configure:18766: gcc -o conftest.exe -g -O2 -I./include -idirafter ./src/video/khronos   -I./include -idirafter ./src/video/khronos   -Wl,--nxcompat conftest.c  >&5
configure:18766: $? = 0
configure:18778: result: yes
configure:18781: checking for linker option --high-entropy-va
configure:18799: gcc -o conftest.exe -g -O2 -I./include -idirafter ./src/video/khronos   -I./include -idirafter ./src/video/khronos   -Wl,--high-entropy-va conftest.c  >&5
configure:18799: $? = 0
configure:18811: result: yes
configure:18838: checking for sys/types.h
configure:18838: result: yes
configure:18844: checking for stdio.h
configure:18844: result: yes
configure:18850: checking for stdlib.h
configure:18850: result: yes
configure:18856: checking for stddef.h
configure:18856: gcc -c -g -O2 -I./include -idirafter ./src/video/khronos   -I./include -idirafter ./src/video/khronos  conftest.c >&5
configure:18856: $? = 0
configure:18856: result: yes
configure:18862: checking for stdarg.h
configure:18862: gcc -c -g -O2 -I./include -idirafter ./src/video/khronos   -I./include -idirafter ./src/video/khronos  conftest.c >&5
configure:18862: $? = 0
configure:18862: result: yes
configure:18868: checking for malloc.h
configure:18868: gcc -c -g -O2 -I./include -idirafter ./src/video/khronos   -I./include -idirafter ./src/video/khronos  conftest.c >&5
configure:18868: $? = 0
configure:18868: result: yes
configure:18874: checking for memory.h
configure:18874: gcc -c -g -O2 -I./include -idirafter ./src/video/khronos   -I./include -idirafter ./src/video/khronos  conftest.c >&5
configure:18874: $? = 0
configure:18874: result: yes
configure:18880: checking for string.h
configure:18880: result: yes
configure:18886: checking for strings.h
configure:18886: result: yes
configure:18892: checking for wchar.h
configure:18892: gcc -c -g -O2 -I./include -idirafter ./src/video/khronos   -I./include -idirafter ./src/video/khronos  conftest.c >&5
configure:18892: $? = 0
configure:18892: result: yes
configure:18898: checking for inttypes.h
configure:18898: result: yes
configure:18904: checking for stdint.h
configure:18904: result: yes
configure:18910: checking for limits.h
configure:18910: gcc -c -g -O2 -I./include -idirafter ./src/video/khronos   -I./include -idirafter ./src/video/khronos  conftest.c >&5
configure:18910: $? = 0
configure:18910: result: yes
configure:18916: checking for ctype.h
configure:18916: gcc -c -g -O2 -I./include -idirafter ./src/video/khronos   -I./include -idirafter ./src/video/khronos  conftest.c >&5
configure:18916: $? = 0
configure:18916: result: yes
configure:18922: checking for math.h
configure:18922: gcc -c -g -O2 -I./include -idirafter ./src/video/khronos   -I./include -idirafter ./src/video/khronos  conftest.c >&5
configure:18922: $? = 0
configure:18922: result: yes
configure:18928: checking for float.h
configure:18928: gcc -c -g -O2 -I./include -idirafter ./src/video/khronos   -I./include -idirafter ./src/video/khronos  conftest.c >&5
configure:18928: $? = 0
configure:18928: result: yes
configure:18934: checking for iconv.h
configure:18934: gcc -c -g -O2 -I./include -idirafter ./src/video/khronos   -I./include -idirafter ./src/video/khronos  conftest.c >&5
conftest.c:66:10: fatal error: iconv.h: No such file or directory
   66 | #include <iconv.h>
      |          ^~~~~~~~~
compilation terminated.
configure:18934: $? = 1
configure: failed program was:
| /* confdefs.h */
| #define PACKAGE_NAME ""
| #define PACKAGE_TARNAME ""
| #define PACKAGE_VERSION ""
| #define PACKAGE_STRING ""
| #define PACKAGE_BUGREPORT ""
| #define PACKAGE_URL ""
| #define HAVE_STDIO_H 1
| #define HAVE_STDLIB_H 1
| #define HAVE_STRING_H 1
| #define HAVE_INTTYPES_H 1
| #define HAVE_STDINT_H 1
| #define HAVE_STRINGS_H 1
| #define HAVE_SYS_STAT_H 1
| #define HAVE_SYS_TYPES_H 1
| #define HAVE_UNISTD_H 1
| #define STDC_HEADERS 1
| #define LT_OBJDIR ".libs/"
| #define _FILE_OFFSET_BITS 64
| #define HAVE_LIBC 1
| #define HAVE_SYS_TYPES_H 1
| #define HAVE_STDIO_H 1
| #define HAVE_STDLIB_H 1
| #define HAVE_STDDEF_H 1
| #define HAVE_STDARG_H 1
| #define HAVE_MALLOC_H 1
| #define HAVE_MEMORY_H 1
| #define HAVE_STRING_H 1
| #define HAVE_STRINGS_H 1
| #define HAVE_WCHAR_H 1
| #define HAVE_INTTYPES_H 1
| #define HAVE_STDINT_H 1
| #define HAVE_LIMITS_H 1
| #define HAVE_CTYPE_H 1
| #define HAVE_MATH_H 1
| #define HAVE_FLOAT_H 1
| /* end confdefs.h.  */
| #include <stddef.h>
| #ifdef HAVE_STDIO_H
| # include <stdio.h>
| #endif
| #ifdef HAVE_STDLIB_H
| # include <stdlib.h>
| #endif
| #ifdef HAVE_STRING_H
| # include <string.h>
| #endif
| #ifdef HAVE_INTTYPES_H
| # include <inttypes.h>
| #endif
| #ifdef HAVE_STDINT_H
| # include <stdint.h>
| #endif
| #ifdef HAVE_STRINGS_H
| # include <strings.h>
| #endif
| #ifdef HAVE_SYS_TYPES_H
| # include <sys/types.h>
| #endif
| #ifdef HAVE_SYS_STAT_H
| # include <sys/stat.h>
| #endif
| #ifdef HAVE_UNISTD_H
| # include <unistd.h>
| #endif
| #include <iconv.h>
configure:18934: result: no
configure:18940: checking for signal.h
configure:18940: gcc -c -g -O2 -I./include -idirafter ./src/video/khronos   -I./include -idirafter ./src/video/khronos  conftest.c >&5
configure:18940: $? = 0
configure:18940: result: yes
configure:18946: checking for linux/input.h
configure:18946: gcc -c -g -O2 -I./include -idirafter ./src/video/khronos   -I./include -idirafter ./src/video/khronos  conftest.c >&5
conftest.c:67:10: fatal error: linux/input.h: No such file or directory
   67 | #include <linux/input.h>
      |          ^~~~~~~~~~~~~~~
compilation terminated.
configure:18946: $? = 1
configure: failed program was:
| /* confdefs.h */
| #define PACKAGE_NAME ""
| #define PACKAGE_TARNAME ""
| #define PACKAGE_VERSION ""
| #define PACKAGE_STRING ""
| #define PACKAGE_BUGREPORT ""
| #define PACKAGE_URL ""
| #define HAVE_STDIO_H 1
| #define HAVE_STDLIB_H 1
| #define HAVE_STRING_H 1
| #define HAVE_INTTYPES_H 1
| #define HAVE_STDINT_H 1
| #define HAVE_STRINGS_H 1
| #define HAVE_SYS_STAT_H 1
| #define HAVE_SYS_TYPES_H 1
| #define HAVE_UNISTD_H 1
| #define STDC_HEADERS 1
| #define LT_OBJDIR ".libs/"
| #define _FILE_OFFSET_BITS 64
| #define HAVE_LIBC 1
| #define HAVE_SYS_TYPES_H 1
| #define HAVE_STDIO_H 1
| #define HAVE_STDLIB_H 1
| #define HAVE_STDDEF_H 1
| #define HAVE_STDARG_H 1
| #define HAVE_MALLOC_H 1
| #define HAVE_MEMORY_H 1
| #define HAVE_STRING_H 1
| #define HAVE_STRINGS_H 1
| #define HAVE_WCHAR_H 1
| #define HAVE_INTTYPES_H 1
| #define HAVE_STDINT_H 1
| #define HAVE_LIMITS_H 1
| #define HAVE_CTYPE_H 1
| #define HAVE_MATH_H 1
| #define HAVE_FLOAT_H 1
| #define HAVE_SIGNAL_H 1
| /* end confdefs.h.  */
| #include <stddef.h>
| #ifdef HAVE_STDIO_H
| # include <stdio.h>
| #endif
| #ifdef HAVE_STDLIB_H
| # include <stdlib.h>
| #endif
| #ifdef HAVE_STRING_H
| # include <string.h>
| #endif
| #ifdef HAVE_INTTYPES_H
| # include <inttypes.h>
| #endif
| #ifdef HAVE_STDINT_H
| # include <stdint.h>
| #endif
| #ifdef HAVE_STRINGS_H
| # include <strings.h>
| #endif
| #ifdef HAVE_SYS_TYPES_H
| # include <sys/types.h>
| #endif
| #ifdef HAVE_SYS_STAT_H
| # include <sys/stat.h>
| #endif
| #ifdef HAVE_UNISTD_H
| # include <unistd.h>
| #endif
| #include <linux/input.h>
configure:18946: result: no
configure:18954: checking for size_t
configure:18954: gcc -c -g -O2 -I./include -idirafter ./src/video/khronos   -I./include -idirafter ./src/video/khronos  conftest.c >&5
configure:18954: $? = 0
configure:18954: gcc -c -g -O2 -I./include -idirafter ./src/video/khronos   -I./include -idirafter ./src/video/khronos  conftest.c >&5
conftest.c: In function 'main':
conftest.c:70:21: error: expected expression before ')' token
   70 | if (sizeof ((size_t)))
      |                     ^
configure:18954: $? = 1
configure: failed program was:
| /* confdefs.h */
| #define PACKAGE_NAME ""
| #define PACKAGE_TARNAME ""
| #define PACKAGE_VERSION ""
| #define PACKAGE_STRING ""
| #define PACKAGE_BUGREPORT ""
| #define PACKAGE_URL ""
| #define HAVE_STDIO_H 1
| #define HAVE_STDLIB_H 1
| #define HAVE_STRING_H 1
| #define HAVE_INTTYPES_H 1
| #define HAVE_STDINT_H 1
| #define HAVE_STRINGS_H 1
| #define HAVE_SYS_STAT_H 1
| #define HAVE_SYS_TYPES_H 1
| #define HAVE_UNISTD_H 1
| #define STDC_HEADERS 1
| #define LT_OBJDIR ".libs/"
| #define _FILE_OFFSET_BITS 64
| #define HAVE_LIBC 1
| #define HAVE_SYS_TYPES_H 1
| #define HAVE_STDIO_H 1
| #define HAVE_STDLIB_H 1
| #define HAVE_STDDEF_H 1
| #define HAVE_STDARG_H 1
| #define HAVE_MALLOC_H 1
| #define HAVE_MEMORY_H 1
| #define HAVE_STRING_H 1
| #define HAVE_STRINGS_H 1
| #define HAVE_WCHAR_H 1
| #define HAVE_INTTYPES_H 1
| #define HAVE_STDINT_H 1
| #define HAVE_LIMITS_H 1
| #define HAVE_CTYPE_H 1
| #define HAVE_MATH_H 1
| #define HAVE_FLOAT_H 1
| #define HAVE_SIGNAL_H 1
| /* end confdefs.h.  */
| #include <stddef.h>
| #ifdef HAVE_STDIO_H
| # include <stdio.h>
| #endif
| #ifdef HAVE_STDLIB_H
| # include <stdlib.h>
| #endif
| #ifdef HAVE_STRING_H
| # include <string.h>
| #endif
| #ifdef HAVE_INTTYPES_H
| # include <inttypes.h>
| #endif
| #ifdef HAVE_STDINT_H
| # include <stdint.h>
| #endif
| #ifdef HAVE_STRINGS_H
| # include <strings.h>
| #endif
| #ifdef HAVE_SYS_TYPES_H
| # include <sys/types.h>
| #endif
| #ifdef HAVE_SYS_STAT_H
| # include <sys/stat.h>
| #endif
| #ifdef HAVE_UNISTD_H
| # include <unistd.h>
| #endif
| int
| main (void)
| {
| if (sizeof ((size_t)))
| 	    return 0;
|   ;
|   return 0;
| }
configure:18954: result: yes
configure:18970: checking how to run the C preprocessor
configure:18996: gcc -E  -I./include -idirafter ./src/video/khronos  conftest.c
configure:18996: $? = 0
configure:19011: gcc -E  -I./include -idirafter ./src/video/khronos  conftest.c
conftest.c:39:10: fatal error: ac_nonexistent.h: No such file or directory
   39 | #include <ac_nonexistent.h>
      |          ^~~~~~~~~~~~~~~~~~
compilation terminated.
configure:19011: $? = 1
configure: failed program was:
| /* confdefs.h */
| #define PACKAGE_NAME ""
| #define PACKAGE_TARNAME ""
| #define PACKAGE_VERSION ""
| #define PACKAGE_STRING ""
| #define PACKAGE_BUGREPORT ""
| #define PACKAGE_URL ""
| #define HAVE_STDIO_H 1
| #define HAVE_STDLIB_H 1
| #define HAVE_STRING_H 1
| #define HAVE_INTTYPES_H 1
| #define HAVE_STDINT_H 1
| #define HAVE_STRINGS_H 1
| #define HAVE_SYS_STAT_H 1
| #define HAVE_SYS_TYPES_H 1
| #define HAVE_UNISTD_H 1
| #define STDC_HEADERS 1
| #define LT_OBJDIR ".libs/"
| #define _FILE_OFFSET_BITS 64
| #define HAVE_LIBC 1
| #define HAVE_SYS_TYPES_H 1
| #define HAVE_STDIO_H 1
| #define HAVE_STDLIB_H 1
| #define HAVE_STDDEF_H 1
| #define HAVE_STDARG_H 1
| #define HAVE_MALLOC_H 1
| #define HAVE_MEMORY_H 1
| #define HAVE_STRING_H 1
| #define HAVE_STRINGS_H 1
| #define HAVE_WCHAR_H 1
| #define HAVE_INTTYPES_H 1
| #define HAVE_STDINT_H 1
| #define HAVE_LIMITS_H 1
| #define HAVE_CTYPE_H 1
| #define HAVE_MATH_H 1
| #define HAVE_FLOAT_H 1
| #define HAVE_SIGNAL_H 1
| /* end confdefs.h.  */
| #include <ac_nonexistent.h>
configure:19038: result: gcc -E
configure:19052: gcc -E  -I./include -idirafter ./src/video/khronos  conftest.c
configure:19052: $? = 0
configure:19067: gcc -E  -I./include -idirafter ./src/video/khronos  conftest.c
conftest.c:39:10: fatal error: ac_nonexistent.h: No such file or directory
   39 | #include <ac_nonexistent.h>
      |          ^~~~~~~~~~~~~~~~~~
compilation terminated.
configure:19067: $? = 1
configure: failed program was:
| /* confdefs.h */
| #define PACKAGE_NAME ""
| #define PACKAGE_TARNAME ""
| #define PACKAGE_VERSION ""
| #define PACKAGE_STRING ""
| #define PACKAGE_BUGREPORT ""
| #define PACKAGE_URL ""
| #define HAVE_STDIO_H 1
| #define HAVE_STDLIB_H 1
| #define HAVE_STRING_H 1
| #define HAVE_INTTYPES_H 1
| #define HAVE_STDINT_H 1
| #define HAVE_STRINGS_H 1
| #define HAVE_SYS_STAT_H 1
| #define HAVE_SYS_TYPES_H 1
| #define HAVE_UNISTD_H 1
| #define STDC_HEADERS 1
| #define LT_OBJDIR ".libs/"
| #define _FILE_OFFSET_BITS 64
| #define HAVE_LIBC 1
| #define HAVE_SYS_TYPES_H 1
| #define HAVE_STDIO_H 1
| #define HAVE_STDLIB_H 1
| #define HAVE_STDDEF_H 1
| #define HAVE_STDARG_H 1
| #define HAVE_MALLOC_H 1
| #define HAVE_MEMORY_H 1
| #define HAVE_STRING_H 1
| #define HAVE_STRINGS_H 1
| #define HAVE_WCHAR_H 1
| #define HAVE_INTTYPES_H 1
| #define HAVE_STDINT_H 1
| #define HAVE_LIMITS_H 1
| #define HAVE_CTYPE_H 1
| #define HAVE_MATH_H 1
| #define HAVE_FLOAT_H 1
| #define HAVE_SIGNAL_H 1
| /* end confdefs.h.  */
| #include <ac_nonexistent.h>
configure:19097: checking for M_PI in math.h
configure:19124: result: yes
configure:19135: checking for working alloca.h
configure:19153: gcc -o conftest.exe -g -O2 -I./include -idirafter ./src/video/khronos   -I./include -idirafter ./src/video/khronos   conftest.c  >&5
conftest.c:40:10: fatal error: alloca.h: No such file or directory
   40 | #include <alloca.h>
      |          ^~~~~~~~~~
compilation terminated.
configure:19153: $? = 1
configure: failed program was:
| /* confdefs.h */
| #define PACKAGE_NAME ""
| #define PACKAGE_TARNAME ""
| #define PACKAGE_VERSION ""
| #define PACKAGE_STRING ""
| #define PACKAGE_BUGREPORT ""
| #define PACKAGE_URL ""
| #define HAVE_STDIO_H 1
| #define HAVE_STDLIB_H 1
| #define HAVE_STRING_H 1
| #define HAVE_INTTYPES_H 1
| #define HAVE_STDINT_H 1
| #define HAVE_STRINGS_H 1
| #define HAVE_SYS_STAT_H 1
| #define HAVE_SYS_TYPES_H 1
| #define HAVE_UNISTD_H 1
| #define STDC_HEADERS 1
| #define LT_OBJDIR ".libs/"
| #define _FILE_OFFSET_BITS 64
| #define HAVE_LIBC 1
| #define HAVE_SYS_TYPES_H 1
| #define HAVE_STDIO_H 1
| #define HAVE_STDLIB_H 1
| #define HAVE_STDDEF_H 1
| #define HAVE_STDARG_H 1
| #define HAVE_MALLOC_H 1
| #define HAVE_MEMORY_H 1
| #define HAVE_STRING_H 1
| #define HAVE_STRINGS_H 1
| #define HAVE_WCHAR_H 1
| #define HAVE_INTTYPES_H 1
| #define HAVE_STDINT_H 1
| #define HAVE_LIMITS_H 1
| #define HAVE_CTYPE_H 1
| #define HAVE_MATH_H 1
| #define HAVE_FLOAT_H 1
| #define HAVE_SIGNAL_H 1
| #define HAVE_M_PI /**/
| /* end confdefs.h.  */
| #include <alloca.h>
| int
| main (void)
| {
| char *p = (char *) alloca (2 * sizeof (int));
| 			  if (p) return 0;
|   ;
|   return 0;
| }
configure:19162: result: no
configure:19170: checking for alloca
configure:19206: gcc -o conftest.exe -g -O2 -I./include -idirafter ./src/video/khronos   -I./include -idirafter ./src/video/khronos   conftest.c  >&5
configure:19206: $? = 0
configure:19215: result: yes
configure:19283: checking for mprotect
configure:19283: gcc -o conftest.exe -g -O2 -I./include -idirafter ./src/video/khronos   -I./include -idirafter ./src/video/khronos   conftest.c  >&5
configure:19283: $? = 0
configure:19283: result: yes
configure:19300: gcc -c -g -O2 -I./include -idirafter ./src/video/khronos   -I./include -idirafter ./src/video/khronos  conftest.c >&5
conftest.c:43:20: fatal error: sys/mman.h: No such file or directory
   43 |           #include <sys/mman.h>
      |                    ^~~~~~~~~~~~
compilation terminated.
configure:19300: $? = 1
configure: failed program was:
| /* confdefs.h */
| #define PACKAGE_NAME ""
| #define PACKAGE_TARNAME ""
| #define PACKAGE_VERSION ""
| #define PACKAGE_STRING ""
| #define PACKAGE_BUGREPORT ""
| #define PACKAGE_URL ""
| #define HAVE_STDIO_H 1
| #define HAVE_STDLIB_H 1
| #define HAVE_STRING_H 1
| #define HAVE_INTTYPES_H 1
| #define HAVE_STDINT_H 1
| #define HAVE_STRINGS_H 1
| #define HAVE_SYS_STAT_H 1
| #define HAVE_SYS_TYPES_H 1
| #define HAVE_UNISTD_H 1
| #define STDC_HEADERS 1
| #define LT_OBJDIR ".libs/"
| #define _FILE_OFFSET_BITS 64
| #define HAVE_LIBC 1
| #define HAVE_SYS_TYPES_H 1
| #define HAVE_STDIO_H 1
| #define HAVE_STDLIB_H 1
| #define HAVE_STDDEF_H 1
| #define HAVE_STDARG_H 1
| #define HAVE_MALLOC_H 1
| #define HAVE_MEMORY_H 1
| #define HAVE_STRING_H 1
| #define HAVE_STRINGS_H 1
| #define HAVE_WCHAR_H 1
| #define HAVE_INTTYPES_H 1
| #define HAVE_STDINT_H 1
| #define HAVE_LIMITS_H 1
| #define HAVE_CTYPE_H 1
| #define HAVE_MATH_H 1
| #define HAVE_FLOAT_H 1
| #define HAVE_SIGNAL_H 1
| #define HAVE_M_PI /**/
| #define HAVE_ALLOCA 1
| /* end confdefs.h.  */
| 
|           #include <sys/types.h>
|           #include <sys/mman.h>
| 
| int
| main (void)
| {
| 
|   ;
|   return 0;
| }
configure:19311: checking for malloc
configure:19311: gcc -o conftest.exe -g -O2 -I./include -idirafter ./src/video/khronos   -I./include -idirafter ./src/video/khronos   conftest.c  >&5
conftest.c:57:6: warning: conflicting types for built-in function 'malloc'; expected 'void *(long long unsigned int)' [-Wbuiltin-declaration-mismatch]
   57 | char malloc ();
      |      ^~~~~~
conftest.c:49:1: note: 'malloc' is declared in header '<stdlib.h>'
   48 | #include <limits.h>
   49 | #undef malloc
configure:19311: $? = 0
configure:19311: result: yes
configure:19317: checking for calloc
configure:19317: gcc -o conftest.exe -g -O2 -I./include -idirafter ./src/video/khronos   -I./include -idirafter ./src/video/khronos   conftest.c  >&5
conftest.c:58:6: warning: conflicting types for built-in function 'calloc'; expected 'void *(long long unsigned int,  long long unsigned int)' [-Wbuiltin-declaration-mismatch]
   58 | char calloc ();
      |      ^~~~~~
conftest.c:50:1: note: 'calloc' is declared in header '<stdlib.h>'
   49 | #include <limits.h>
   50 | #undef calloc
configure:19317: $? = 0
configure:19317: result: yes
configure:19323: checking for realloc
configure:19323: gcc -o conftest.exe -g -O2 -I./include -idirafter ./src/video/khronos   -I./include -idirafter ./src/video/khronos   conftest.c  >&5
conftest.c:59:6: warning: conflicting types for built-in function 'realloc'; expected 'void *(void *, long long unsigned int)' [-Wbuiltin-declaration-mismatch]
   59 | char realloc ();
      |      ^~~~~~~
conftest.c:51:1: note: 'realloc' is declared in header '<stdlib.h>'
   50 | #include <limits.h>
   51 | #undef realloc
configure:19323: $? = 0
configure:19323: result: yes
configure:19329: checking for free
configure:19329: gcc -o conftest.exe -g -O2 -I./include -idirafter ./src/video/khronos   -I./include -idirafter ./src/video/khronos   conftest.c  >&5
conftest.c:60:6: warning: conflicting types for built-in function 'free'; expected 'void(void *)' [-Wbuiltin-declaration-mismatch]
   60 | char free ();
      |      ^~~~
conftest.c:52:1: note: 'free' is declared in header '<stdlib.h>'
   51 | #include <limits.h>
   52 | #undef free
configure:19329: $? = 0
configure:19329: result: yes
configure:19335: checking for getenv
configure:19335: gcc -o conftest.exe -g -O2 -I./include -idirafter ./src/video/khronos   -I./include -idirafter ./src/video/khronos   conftest.c  >&5
configure:19335: $? = 0
configure:19335: result: yes
configure:19341: checking for setenv
configure:19341: gcc -o conftest.exe -g -O2 -I./include -idirafter ./src/video/khronos   -I./include -idirafter ./src/video/khronos   conftest.c  >&5
C:/Users/voan2/scoop/apps/gcc/13.2.0/bin/../lib/gcc/x86_64-w64-mingw32/13.2.0/../../../../x86_64-w64-mingw32/bin/ld.exe: C:\Users\voan2\AppData\Local\Temp\ccaCESjk.o: in function `main':
C:/Users/voan2/Documents/GitHub/OpenGlassBox/SDL2-2.28.5/conftest.c:73:(.text.startup+0xa): undefined reference to `setenv'
collect2.exe: error: ld returned 1 exit status
configure:19341: $? = 1
configure: failed program was:
| /* confdefs.h */
| #define PACKAGE_NAME ""
| #define PACKAGE_TARNAME ""
| #define PACKAGE_VERSION ""
| #define PACKAGE_STRING ""
| #define PACKAGE_BUGREPORT ""
| #define PACKAGE_URL ""
| #define HAVE_STDIO_H 1
| #define HAVE_STDLIB_H 1
| #define HAVE_STRING_H 1
| #define HAVE_INTTYPES_H 1
| #define HAVE_STDINT_H 1
| #define HAVE_STRINGS_H 1
| #define HAVE_SYS_STAT_H 1
| #define HAVE_SYS_TYPES_H 1
| #define HAVE_UNISTD_H 1
| #define STDC_HEADERS 1
| #define LT_OBJDIR ".libs/"
| #define _FILE_OFFSET_BITS 64
| #define HAVE_LIBC 1
| #define HAVE_SYS_TYPES_H 1
| #define HAVE_STDIO_H 1
| #define HAVE_STDLIB_H 1
| #define HAVE_STDDEF_H 1
| #define HAVE_STDARG_H 1
| #define HAVE_MALLOC_H 1
| #define HAVE_MEMORY_H 1
| #define HAVE_STRING_H 1
| #define HAVE_STRINGS_H 1
| #define HAVE_WCHAR_H 1
| #define HAVE_INTTYPES_H 1
| #define HAVE_STDINT_H 1
| #define HAVE_LIMITS_H 1
| #define HAVE_CTYPE_H 1
| #define HAVE_MATH_H 1
| #define HAVE_FLOAT_H 1
| #define HAVE_SIGNAL_H 1
| #define HAVE_M_PI /**/
| #define HAVE_ALLOCA 1
| #define HAVE_MALLOC 1
| #define HAVE_CALLOC 1
| #define HAVE_REALLOC 1
| #define HAVE_FREE 1
| #define HAVE_GETENV 1
| /* end confdefs.h.  */
| /* Define setenv to an innocuous variant, in case <limits.h> declares setenv.
|    For example, HP-UX 11i <limits.h> declares gettimeofday.  */
| #define setenv innocuous_setenv
| 
| /* System header to define __stub macros and hopefully few prototypes,
|    which can conflict with char setenv (); below.  */
| 
| #include <limits.h>
| #undef setenv
| 
| /* Override any GCC internal prototype to avoid an error.
|    Use char because int might match the return type of a GCC
|    builtin and then its argument prototype would still apply.  */
| #ifdef __cplusplus
| extern "C"
| #endif
| char setenv ();
| /* The GNU C library defines this for functions which it implements
|     to always fail with ENOSYS.  Some functions are actually named
|     something starting with __ and the normal name is an alias.  */
| #if defined __stub_setenv || defined __stub___setenv
| choke me
| #endif
| 
| int
| main (void)
| {
| return setenv ();
|   ;
|   return 0;
| }
configure:19341: result: no
configure:19347: checking for putenv
configure:19347: gcc -o conftest.exe -g -O2 -I./include -idirafter ./src/video/khronos   -I./include -idirafter ./src/video/khronos   conftest.c  >&5
configure:19347: $? = 0
configure:19347: result: yes
configure:19353: checking for unsetenv
configure:19353: gcc -o conftest.exe -g -O2 -I./include -idirafter ./src/video/khronos   -I./include -idirafter ./src/video/khronos   conftest.c  >&5
C:/Users/voan2/scoop/apps/gcc/13.2.0/bin/../lib/gcc/x86_64-w64-mingw32/13.2.0/../../../../x86_64-w64-mingw32/bin/ld.exe: C:\Users\voan2\AppData\Local\Temp\ccAei82H.o: in function `main':
C:/Users/voan2/Documents/GitHub/OpenGlassBox/SDL2-2.28.5/conftest.c:74:(.text.startup+0xa): undefined reference to `unsetenv'
collect2.exe: error: ld returned 1 exit status
configure:19353: $? = 1
configure: failed program was:
| /* confdefs.h */
| #define PACKAGE_NAME ""
| #define PACKAGE_TARNAME ""
| #define PACKAGE_VERSION ""
| #define PACKAGE_STRING ""
| #define PACKAGE_BUGREPORT ""
| #define PACKAGE_URL ""
| #define HAVE_STDIO_H 1
| #define HAVE_STDLIB_H 1
| #define HAVE_STRING_H 1
| #define HAVE_INTTYPES_H 1
| #define HAVE_STDINT_H 1
| #define HAVE_STRINGS_H 1
| #define HAVE_SYS_STAT_H 1
| #define HAVE_SYS_TYPES_H 1
| #define HAVE_UNISTD_H 1
| #define STDC_HEADERS 1
| #define LT_OBJDIR ".libs/"
| #define _FILE_OFFSET_BITS 64
| #define HAVE_LIBC 1
| #define HAVE_SYS_TYPES_H 1
| #define HAVE_STDIO_H 1
| #define HAVE_STDLIB_H 1
| #define HAVE_STDDEF_H 1
| #define HAVE_STDARG_H 1
| #define HAVE_MALLOC_H 1
| #define HAVE_MEMORY_H 1
| #define HAVE_STRING_H 1
| #define HAVE_STRINGS_H 1
| #define HAVE_WCHAR_H 1
| #define HAVE_INTTYPES_H 1
| #define HAVE_STDINT_H 1
| #define HAVE_LIMITS_H 1
| #define HAVE_CTYPE_H 1
| #define HAVE_MATH_H 1
| #define HAVE_FLOAT_H 1
| #define HAVE_SIGNAL_H 1
| #define HAVE_M_PI /**/
| #define HAVE_ALLOCA 1
| #define HAVE_MALLOC 1
| #define HAVE_CALLOC 1
| #define HAVE_REALLOC 1
| #define HAVE_FREE 1
| #define HAVE_GETENV 1
| #define HAVE_PUTENV 1
| /* end confdefs.h.  */
| /* Define unsetenv to an innocuous variant, in case <limits.h> declares unsetenv.
|    For example, HP-UX 11i <limits.h> declares gettimeofday.  */
| #define unsetenv innocuous_unsetenv
| 
| /* System header to define __stub macros and hopefully few prototypes,
|    which can conflict with char unsetenv (); below.  */
| 
| #include <limits.h>
| #undef unsetenv
| 
| /* Override any GCC internal prototype to avoid an error.
|    Use char because int might match the return type of a GCC
|    builtin and then its argument prototype would still apply.  */
| #ifdef __cplusplus
| extern "C"
| #endif
| char unsetenv ();
| /* The GNU C library defines this for functions which it implements
|     to always fail with ENOSYS.  Some functions are actually named
|     something starting with __ and the normal name is an alias.  */
| #if defined __stub_unsetenv || defined __stub___unsetenv
| choke me
| #endif
| 
| int
| main (void)
| {
| return unsetenv ();
|   ;
|   return 0;
| }
configure:19353: result: no
configure:19359: checking for bsearch
configure:19359: gcc -o conftest.exe -g -O2 -I./include -idirafter ./src/video/khronos   -I./include -idirafter ./src/video/khronos   conftest.c  >&5
configure:19359: $? = 0
configure:19359: result: yes
configure:19365: checking for qsort
configure:19365: gcc -o conftest.exe -g -O2 -I./include -idirafter ./src/video/khronos   -I./include -idirafter ./src/video/khronos   conftest.c  >&5
configure:19365: $? = 0
configure:19365: result: yes
configure:19371: checking for abs
configure:19371: gcc -o conftest.exe -g -O2 -I./include -idirafter ./src/video/khronos   -I./include -idirafter ./src/video/khronos   conftest.c  >&5
conftest.c:65:6: warning: conflicting types for built-in function 'abs'; expected 'int(int)' [-Wbuiltin-declaration-mismatch]
   65 | char abs ();
      |      ^~~
conftest.c:57:1: note: 'abs' is declared in header '<stdlib.h>'
   56 | #include <limits.h>
   57 | #undef abs
configure:19371: $? = 0
configure:19371: result: yes
configure:19377: checking for bcopy
configure:19377: gcc -o conftest.exe -g -O2 -I./include -idirafter ./src/video/khronos   -I./include -idirafter ./src/video/khronos   conftest.c  >&5
conftest.c:66:6: warning: conflicting types for built-in function 'bcopy'; expected 'void(const void *, void *, long long unsigned int)' [-Wbuiltin-declaration-mismatch]
   66 | char bcopy ();
      |      ^~~~~
C:/Users/voan2/scoop/apps/gcc/13.2.0/bin/../lib/gcc/x86_64-w64-mingw32/13.2.0/../../../../x86_64-w64-mingw32/bin/ld.exe: C:\Users\voan2\AppData\Local\Temp\ccAil8Ek.o: in function `main':
C:/Users/voan2/Documents/GitHub/OpenGlassBox/SDL2-2.28.5/conftest.c:77:(.text.startup+0xa): undefined reference to `bcopy'
collect2.exe: error: ld returned 1 exit status
configure:19377: $? = 1
configure: failed program was:
| /* confdefs.h */
| #define PACKAGE_NAME ""
| #define PACKAGE_TARNAME ""
| #define PACKAGE_VERSION ""
| #define PACKAGE_STRING ""
| #define PACKAGE_BUGREPORT ""
| #define PACKAGE_URL ""
| #define HAVE_STDIO_H 1
| #define HAVE_STDLIB_H 1
| #define HAVE_STRING_H 1
| #define HAVE_INTTYPES_H 1
| #define HAVE_STDINT_H 1
| #define HAVE_STRINGS_H 1
| #define HAVE_SYS_STAT_H 1
| #define HAVE_SYS_TYPES_H 1
| #define HAVE_UNISTD_H 1
| #define STDC_HEADERS 1
| #define LT_OBJDIR ".libs/"
| #define _FILE_OFFSET_BITS 64
| #define HAVE_LIBC 1
| #define HAVE_SYS_TYPES_H 1
| #define HAVE_STDIO_H 1
| #define HAVE_STDLIB_H 1
| #define HAVE_STDDEF_H 1
| #define HAVE_STDARG_H 1
| #define HAVE_MALLOC_H 1
| #define HAVE_MEMORY_H 1
| #define HAVE_STRING_H 1
| #define HAVE_STRINGS_H 1
| #define HAVE_WCHAR_H 1
| #define HAVE_INTTYPES_H 1
| #define HAVE_STDINT_H 1
| #define HAVE_LIMITS_H 1
| #define HAVE_CTYPE_H 1
| #define HAVE_MATH_H 1
| #define HAVE_FLOAT_H 1
| #define HAVE_SIGNAL_H 1
| #define HAVE_M_PI /**/
| #define HAVE_ALLOCA 1
| #define HAVE_MALLOC 1
| #define HAVE_CALLOC 1
| #define HAVE_REALLOC 1
| #define HAVE_FREE 1
| #define HAVE_GETENV 1
| #define HAVE_PUTENV 1
| #define HAVE_BSEARCH 1
| #define HAVE_QSORT 1
| #define HAVE_ABS 1
| /* end confdefs.h.  */
| /* Define bcopy to an innocuous variant, in case <limits.h> declares bcopy.
|    For example, HP-UX 11i <limits.h> declares gettimeofday.  */
| #define bcopy innocuous_bcopy
| 
| /* System header to define __stub macros and hopefully few prototypes,
|    which can conflict with char bcopy (); below.  */
| 
| #include <limits.h>
| #undef bcopy
| 
| /* Override any GCC internal prototype to avoid an error.
|    Use char because int might match the return type of a GCC
|    builtin and then its argument prototype would still apply.  */
| #ifdef __cplusplus
| extern "C"
| #endif
| char bcopy ();
| /* The GNU C library defines this for functions which it implements
|     to always fail with ENOSYS.  Some functions are actually named
|     something starting with __ and the normal name is an alias.  */
| #if defined __stub_bcopy || defined __stub___bcopy
| choke me
| #endif
| 
| int
| main (void)
| {
| return bcopy ();
|   ;
|   return 0;
| }
configure:19377: result: no
configure:19383: checking for memset
configure:19383: gcc -o conftest.exe -g -O2 -I./include -idirafter ./src/video/khronos   -I./include -idirafter ./src/video/khronos   conftest.c  >&5
conftest.c:66:6: warning: conflicting types for built-in function 'memset'; expected 'void *(void *, int,  long long unsigned int)' [-Wbuiltin-declaration-mismatch]
   66 | char memset ();
      |      ^~~~~~
conftest.c:58:1: note: 'memset' is declared in header '<string.h>'
   57 | #include <limits.h>
   58 | #undef memset
configure:19383: $? = 0
configure:19383: result: yes
configure:19389: checking for memcmp
configure:19389: gcc -o conftest.exe -g -O2 -I./include -idirafter ./src/video/khronos   -I./include -idirafter ./src/video/khronos   conftest.c  >&5
conftest.c:67:6: warning: conflicting types for built-in function 'memcmp'; expected 'int(const void *, const void *, long long unsigned int)' [-Wbuiltin-declaration-mismatch]
   67 | char memcmp ();
      |      ^~~~~~
conftest.c:59:1: note: 'memcmp' is declared in header '<string.h>'
   58 | #include <limits.h>
   59 | #undef memcmp
configure:19389: $? = 0
configure:19389: result: yes
configure:19395: checking for memcpy
configure:19395: gcc -o conftest.exe -g -O2 -I./include -idirafter ./src/video/khronos   -I./include -idirafter ./src/video/khronos   conftest.c  >&5
conftest.c:68:6: warning: conflicting types for built-in function 'memcpy'; expected 'void *(void *, const void *, long long unsigned int)' [-Wbuiltin-declaration-mismatch]
   68 | char memcpy ();
      |      ^~~~~~
conftest.c:60:1: note: 'memcpy' is declared in header '<string.h>'
   59 | #include <limits.h>
   60 | #undef memcpy
configure:19395: $? = 0
configure:19395: result: yes
configure:19401: checking for memmove
configure:19401: gcc -o conftest.exe -g -O2 -I./include -idirafter ./src/video/khronos   -I./include -idirafter ./src/video/khronos   conftest.c  >&5
conftest.c:69:6: warning: conflicting types for built-in function 'memmove'; expected 'void *(void *, const void *, long long unsigned int)' [-Wbuiltin-declaration-mismatch]
   69 | char memmove ();
      |      ^~~~~~~
conftest.c:61:1: note: 'memmove' is declared in header '<string.h>'
   60 | #include <limits.h>
   61 | #undef memmove
configure:19401: $? = 0
configure:19401: result: yes
configure:19407: checking for wcslen
configure:19407: gcc -o conftest.exe -g -O2 -I./include -idirafter ./src/video/khronos   -I./include -idirafter ./src/video/khronos   conftest.c  >&5
configure:19407: $? = 0
configure:19407: result: yes
configure:19413: checking for wcslcpy
configure:19413: gcc -o conftest.exe -g -O2 -I./include -idirafter ./src/video/khronos   -I./include -idirafter ./src/video/khronos   conftest.c  >&5
C:/Users/voan2/scoop/apps/gcc/13.2.0/bin/../lib/gcc/x86_64-w64-mingw32/13.2.0/../../../../x86_64-w64-mingw32/bin/ld.exe: C:\Users\voan2\AppData\Local\Temp\ccWahClf.o: in function `main':
C:/Users/voan2/Documents/GitHub/OpenGlassBox/SDL2-2.28.5/conftest.c:82:(.text.startup+0xa): undefined reference to `wcslcpy'
collect2.exe: error: ld returned 1 exit status
configure:19413: $? = 1
configure: failed program was:
| /* confdefs.h */
| #define PACKAGE_NAME ""
| #define PACKAGE_TARNAME ""
| #define PACKAGE_VERSION ""
| #define PACKAGE_STRING ""
| #define PACKAGE_BUGREPORT ""
| #define PACKAGE_URL ""
| #define HAVE_STDIO_H 1
| #define HAVE_STDLIB_H 1
| #define HAVE_STRING_H 1
| #define HAVE_INTTYPES_H 1
| #define HAVE_STDINT_H 1
| #define HAVE_STRINGS_H 1
| #define HAVE_SYS_STAT_H 1
| #define HAVE_SYS_TYPES_H 1
| #define HAVE_UNISTD_H 1
| #define STDC_HEADERS 1
| #define LT_OBJDIR ".libs/"
| #define _FILE_OFFSET_BITS 64
| #define HAVE_LIBC 1
| #define HAVE_SYS_TYPES_H 1
| #define HAVE_STDIO_H 1
| #define HAVE_STDLIB_H 1
| #define HAVE_STDDEF_H 1
| #define HAVE_STDARG_H 1
| #define HAVE_MALLOC_H 1
| #define HAVE_MEMORY_H 1
| #define HAVE_STRING_H 1
| #define HAVE_STRINGS_H 1
| #define HAVE_WCHAR_H 1
| #define HAVE_INTTYPES_H 1
| #define HAVE_STDINT_H 1
| #define HAVE_LIMITS_H 1
| #define HAVE_CTYPE_H 1
| #define HAVE_MATH_H 1
| #define HAVE_FLOAT_H 1
| #define HAVE_SIGNAL_H 1
| #define HAVE_M_PI /**/
| #define HAVE_ALLOCA 1
| #define HAVE_MALLOC 1
| #define HAVE_CALLOC 1
| #define HAVE_REALLOC 1
| #define HAVE_FREE 1
| #define HAVE_GETENV 1
| #define HAVE_PUTENV 1
| #define HAVE_BSEARCH 1
| #define HAVE_QSORT 1
| #define HAVE_ABS 1
| #define HAVE_MEMSET 1
| #define HAVE_MEMCMP 1
| #define HAVE_MEMCPY 1
| #define HAVE_MEMMOVE 1
| #define HAVE_WCSLEN 1
| /* end confdefs.h.  */
| /* Define wcslcpy to an innocuous variant, in case <limits.h> declares wcslcpy.
|    For example, HP-UX 11i <limits.h> declares gettimeofday.  */
| #define wcslcpy innocuous_wcslcpy
| 
| /* System header to define __stub macros and hopefully few prototypes,
|    which can conflict with char wcslcpy (); below.  */
| 
| #include <limits.h>
| #undef wcslcpy
| 
| /* Override any GCC internal prototype to avoid an error.
|    Use char because int might match the return type of a GCC
|    builtin and then its argument prototype would still apply.  */
| #ifdef __cplusplus
| extern "C"
| #endif
| char wcslcpy ();
| /* The GNU C library defines this for functions which it implements
|     to always fail with ENOSYS.  Some functions are actually named
|     something starting with __ and the normal name is an alias.  */
| #if defined __stub_wcslcpy || defined __stub___wcslcpy
| choke me
| #endif
| 
| int
| main (void)
| {
| return wcslcpy ();
|   ;
|   return 0;
| }
configure:19413: result: no
configure:19419: checking for wcslcat
configure:19419: gcc -o conftest.exe -g -O2 -I./include -idirafter ./src/video/khronos   -I./include -idirafter ./src/video/khronos   conftest.c  >&5
C:/Users/voan2/scoop/apps/gcc/13.2.0/bin/../lib/gcc/x86_64-w64-mingw32/13.2.0/../../../../x86_64-w64-mingw32/bin/ld.exe: C:\Users\voan2\AppData\Local\Temp\ccmikdDf.o: in function `main':
C:/Users/voan2/Documents/GitHub/OpenGlassBox/SDL2-2.28.5/conftest.c:82:(.text.startup+0xa): undefined reference to `wcslcat'
collect2.exe: error: ld returned 1 exit status
configure:19419: $? = 1
configure: failed program was:
| /* confdefs.h */
| #define PACKAGE_NAME ""
| #define PACKAGE_TARNAME ""
| #define PACKAGE_VERSION ""
| #define PACKAGE_STRING ""
| #define PACKAGE_BUGREPORT ""
| #define PACKAGE_URL ""
| #define HAVE_STDIO_H 1
| #define HAVE_STDLIB_H 1
| #define HAVE_STRING_H 1
| #define HAVE_INTTYPES_H 1
| #define HAVE_STDINT_H 1
| #define HAVE_STRINGS_H 1
| #define HAVE_SYS_STAT_H 1
| #define HAVE_SYS_TYPES_H 1
| #define HAVE_UNISTD_H 1
| #define STDC_HEADERS 1
| #define LT_OBJDIR ".libs/"
| #define _FILE_OFFSET_BITS 64
| #define HAVE_LIBC 1
| #define HAVE_SYS_TYPES_H 1
| #define HAVE_STDIO_H 1
| #define HAVE_STDLIB_H 1
| #define HAVE_STDDEF_H 1
| #define HAVE_STDARG_H 1
| #define HAVE_MALLOC_H 1
| #define HAVE_MEMORY_H 1
| #define HAVE_STRING_H 1
| #define HAVE_STRINGS_H 1
| #define HAVE_WCHAR_H 1
| #define HAVE_INTTYPES_H 1
| #define HAVE_STDINT_H 1
| #define HAVE_LIMITS_H 1
| #define HAVE_CTYPE_H 1
| #define HAVE_MATH_H 1
| #define HAVE_FLOAT_H 1
| #define HAVE_SIGNAL_H 1
| #define HAVE_M_PI /**/
| #define HAVE_ALLOCA 1
| #define HAVE_MALLOC 1
| #define HAVE_CALLOC 1
| #define HAVE_REALLOC 1
| #define HAVE_FREE 1
| #define HAVE_GETENV 1
| #define HAVE_PUTENV 1
| #define HAVE_BSEARCH 1
| #define HAVE_QSORT 1
| #define HAVE_ABS 1
| #define HAVE_MEMSET 1
| #define HAVE_MEMCMP 1
| #define HAVE_MEMCPY 1
| #define HAVE_MEMMOVE 1
| #define HAVE_WCSLEN 1
| /* end confdefs.h.  */
| /* Define wcslcat to an innocuous variant, in case <limits.h> declares wcslcat.
|    For example, HP-UX 11i <limits.h> declares gettimeofday.  */
| #define wcslcat innocuous_wcslcat
| 
| /* System header to define __stub macros and hopefully few prototypes,
|    which can conflict with char wcslcat (); below.  */
| 
| #include <limits.h>
| #undef wcslcat
| 
| /* Override any GCC internal prototype to avoid an error.
|    Use char because int might match the return type of a GCC
|    builtin and then its argument prototype would still apply.  */
| #ifdef __cplusplus
| extern "C"
| #endif
| char wcslcat ();
| /* The GNU C library defines this for functions which it implements
|     to always fail with ENOSYS.  Some functions are actually named
|     something starting with __ and the normal name is an alias.  */
| #if defined __stub_wcslcat || defined __stub___wcslcat
| choke me
| #endif
| 
| int
| main (void)
| {
| return wcslcat ();
|   ;
|   return 0;
| }
configure:19419: result: no
configure:19425: checking for _wcsdup
configure:19425: gcc -o conftest.exe -g -O2 -I./include -idirafter ./src/video/khronos   -I./include -idirafter ./src/video/khronos   conftest.c  >&5
configure:19425: $? = 0
configure:19425: result: yes
configure:19431: checking for wcsdup
configure:19431: gcc -o conftest.exe -g -O2 -I./include -idirafter ./src/video/khronos   -I./include -idirafter ./src/video/khronos   conftest.c  >&5
configure:19431: $? = 0
configure:19431: result: yes
configure:19437: checking for wcsstr
configure:19437: gcc -o conftest.exe -g -O2 -I./include -idirafter ./src/video/khronos   -I./include -idirafter ./src/video/khronos   conftest.c  >&5
configure:19437: $? = 0
configure:19437: result: yes
configure:19443: checking for wcscmp
configure:19443: gcc -o conftest.exe -g -O2 -I./include -idirafter ./src/video/khronos   -I./include -idirafter ./src/video/khronos   conftest.c  >&5
configure:19443: $? = 0
configure:19443: result: yes
configure:19449: checking for wcsncmp
configure:19449: gcc -o conftest.exe -g -O2 -I./include -idirafter ./src/video/khronos   -I./include -idirafter ./src/video/khronos   conftest.c  >&5
configure:19449: $? = 0
configure:19449: result: yes
configure:19455: checking for wcscasecmp
configure:19455: gcc -o conftest.exe -g -O2 -I./include -idirafter ./src/video/khronos   -I./include -idirafter ./src/video/khronos   conftest.c  >&5
C:/Users/voan2/scoop/apps/gcc/13.2.0/bin/../lib/gcc/x86_64-w64-mingw32/13.2.0/../../../../x86_64-w64-mingw32/bin/ld.exe: C:\Users\voan2\AppData\Local\Temp\cc8av5dV.o: in function `main':
C:/Users/voan2/Documents/GitHub/OpenGlassBox/SDL2-2.28.5/conftest.c:87:(.text.startup+0xa): undefined reference to `wcscasecmp'
collect2.exe: error: ld returned 1 exit status
configure:19455: $? = 1
configure: failed program was:
| /* confdefs.h */
| #define PACKAGE_NAME ""
| #define PACKAGE_TARNAME ""
| #define PACKAGE_VERSION ""
| #define PACKAGE_STRING ""
| #define PACKAGE_BUGREPORT ""
| #define PACKAGE_URL ""
| #define HAVE_STDIO_H 1
| #define HAVE_STDLIB_H 1
| #define HAVE_STRING_H 1
| #define HAVE_INTTYPES_H 1
| #define HAVE_STDINT_H 1
| #define HAVE_STRINGS_H 1
| #define HAVE_SYS_STAT_H 1
| #define HAVE_SYS_TYPES_H 1
| #define HAVE_UNISTD_H 1
| #define STDC_HEADERS 1
| #define LT_OBJDIR ".libs/"
| #define _FILE_OFFSET_BITS 64
| #define HAVE_LIBC 1
| #define HAVE_SYS_TYPES_H 1
| #define HAVE_STDIO_H 1
| #define HAVE_STDLIB_H 1
| #define HAVE_STDDEF_H 1
| #define HAVE_STDARG_H 1
| #define HAVE_MALLOC_H 1
| #define HAVE_MEMORY_H 1
| #define HAVE_STRING_H 1
| #define HAVE_STRINGS_H 1
| #define HAVE_WCHAR_H 1
| #define HAVE_INTTYPES_H 1
| #define HAVE_STDINT_H 1
| #define HAVE_LIMITS_H 1
| #define HAVE_CTYPE_H 1
| #define HAVE_MATH_H 1
| #define HAVE_FLOAT_H 1
| #define HAVE_SIGNAL_H 1
| #define HAVE_M_PI /**/
| #define HAVE_ALLOCA 1
| #define HAVE_MALLOC 1
| #define HAVE_CALLOC 1
| #define HAVE_REALLOC 1
| #define HAVE_FREE 1
| #define HAVE_GETENV 1
| #define HAVE_PUTENV 1
| #define HAVE_BSEARCH 1
| #define HAVE_QSORT 1
| #define HAVE_ABS 1
| #define HAVE_MEMSET 1
| #define HAVE_MEMCMP 1
| #define HAVE_MEMCPY 1
| #define HAVE_MEMMOVE 1
| #define HAVE_WCSLEN 1
| #define HAVE__WCSDUP 1
| #define HAVE_WCSDUP 1
| #define HAVE_WCSSTR 1
| #define HAVE_WCSCMP 1
| #define HAVE_WCSNCMP 1
| /* end confdefs.h.  */
| /* Define wcscasecmp to an innocuous variant, in case <limits.h> declares wcscasecmp.
|    For example, HP-UX 11i <limits.h> declares gettimeofday.  */
| #define wcscasecmp innocuous_wcscasecmp
| 
| /* System header to define __stub macros and hopefully few prototypes,
|    which can conflict with char wcscasecmp (); below.  */
| 
| #include <limits.h>
| #undef wcscasecmp
| 
| /* Override any GCC internal prototype to avoid an error.
|    Use char because int might match the return type of a GCC
|    builtin and then its argument prototype would still apply.  */
| #ifdef __cplusplus
| extern "C"
| #endif
| char wcscasecmp ();
| /* The GNU C library defines this for functions which it implements
|     to always fail with ENOSYS.  Some functions are actually named
|     something starting with __ and the normal name is an alias.  */
| #if defined __stub_wcscasecmp || defined __stub___wcscasecmp
| choke me
| #endif
| 
| int
| main (void)
| {
| return wcscasecmp ();
|   ;
|   return 0;
| }
configure:19455: result: no
configure:19461: checking for _wcsicmp
configure:19461: gcc -o conftest.exe -g -O2 -I./include -idirafter ./src/video/khronos   -I./include -idirafter ./src/video/khronos   conftest.c  >&5
configure:19461: $? = 0
configure:19461: result: yes
configure:19467: checking for wcsncasecmp
configure:19467: gcc -o conftest.exe -g -O2 -I./include -idirafter ./src/video/khronos   -I./include -idirafter ./src/video/khronos   conftest.c  >&5
C:/Users/voan2/scoop/apps/gcc/13.2.0/bin/../lib/gcc/x86_64-w64-mingw32/13.2.0/../../../../x86_64-w64-mingw32/bin/ld.exe: C:\Users\voan2\AppData\Local\Temp\ccgocHAi.o: in function `main':
C:/Users/voan2/Documents/GitHub/OpenGlassBox/SDL2-2.28.5/conftest.c:88:(.text.startup+0xa): undefined reference to `wcsncasecmp'
collect2.exe: error: ld returned 1 exit status
configure:19467: $? = 1
configure: failed program was:
| /* confdefs.h */
| #define PACKAGE_NAME ""
| #define PACKAGE_TARNAME ""
| #define PACKAGE_VERSION ""
| #define PACKAGE_STRING ""
| #define PACKAGE_BUGREPORT ""
| #define PACKAGE_URL ""
| #define HAVE_STDIO_H 1
| #define HAVE_STDLIB_H 1
| #define HAVE_STRING_H 1
| #define HAVE_INTTYPES_H 1
| #define HAVE_STDINT_H 1
| #define HAVE_STRINGS_H 1
| #define HAVE_SYS_STAT_H 1
| #define HAVE_SYS_TYPES_H 1
| #define HAVE_UNISTD_H 1
| #define STDC_HEADERS 1
| #define LT_OBJDIR ".libs/"
| #define _FILE_OFFSET_BITS 64
| #define HAVE_LIBC 1
| #define HAVE_SYS_TYPES_H 1
| #define HAVE_STDIO_H 1
| #define HAVE_STDLIB_H 1
| #define HAVE_STDDEF_H 1
| #define HAVE_STDARG_H 1
| #define HAVE_MALLOC_H 1
| #define HAVE_MEMORY_H 1
| #define HAVE_STRING_H 1
| #define HAVE_STRINGS_H 1
| #define HAVE_WCHAR_H 1
| #define HAVE_INTTYPES_H 1
| #define HAVE_STDINT_H 1
| #define HAVE_LIMITS_H 1
| #define HAVE_CTYPE_H 1
| #define HAVE_MATH_H 1
| #define HAVE_FLOAT_H 1
| #define HAVE_SIGNAL_H 1
| #define HAVE_M_PI /**/
| #define HAVE_ALLOCA 1
| #define HAVE_MALLOC 1
| #define HAVE_CALLOC 1
| #define HAVE_REALLOC 1
| #define HAVE_FREE 1
| #define HAVE_GETENV 1
| #define HAVE_PUTENV 1
| #define HAVE_BSEARCH 1
| #define HAVE_QSORT 1
| #define HAVE_ABS 1
| #define HAVE_MEMSET 1
| #define HAVE_MEMCMP 1
| #define HAVE_MEMCPY 1
| #define HAVE_MEMMOVE 1
| #define HAVE_WCSLEN 1
| #define HAVE__WCSDUP 1
| #define HAVE_WCSDUP 1
| #define HAVE_WCSSTR 1
| #define HAVE_WCSCMP 1
| #define HAVE_WCSNCMP 1
| #define HAVE__WCSICMP 1
| /* end confdefs.h.  */
| /* Define wcsncasecmp to an innocuous variant, in case <limits.h> declares wcsncasecmp.
|    For example, HP-UX 11i <limits.h> declares gettimeofday.  */
| #define wcsncasecmp innocuous_wcsncasecmp
| 
| /* System header to define __stub macros and hopefully few prototypes,
|    which can conflict with char wcsncasecmp (); below.  */
| 
| #include <limits.h>
| #undef wcsncasecmp
| 
| /* Override any GCC internal prototype to avoid an error.
|    Use char because int might match the return type of a GCC
|    builtin and then its argument prototype would still apply.  */
| #ifdef __cplusplus
| extern "C"
| #endif
| char wcsncasecmp ();
| /* The GNU C library defines this for functions which it implements
|     to always fail with ENOSYS.  Some functions are actually named
|     something starting with __ and the normal name is an alias.  */
| #if defined __stub_wcsncasecmp || defined __stub___wcsncasecmp
| choke me
| #endif
| 
| int
| main (void)
| {
| return wcsncasecmp ();
|   ;
|   return 0;
| }
configure:19467: result: no
configure:19473: checking for _wcsnicmp
configure:19473: gcc -o conftest.exe -g -O2 -I./include -idirafter ./src/video/khronos   -I./include -idirafter ./src/video/khronos   conftest.c  >&5
configure:19473: $? = 0
configure:19473: result: yes
configure:19479: checking for strlen
configure:19479: gcc -o conftest.exe -g -O2 -I./include -idirafter ./src/video/khronos   -I./include -idirafter ./src/video/khronos   conftest.c  >&5
conftest.c:78:6: warning: conflicting types for built-in function 'strlen'; expected 'long long unsigned int(const char *)' [-Wbuiltin-declaration-mismatch]
   78 | char strlen ();
      |      ^~~~~~
conftest.c:70:1: note: 'strlen' is declared in header '<string.h>'
   69 | #include <limits.h>
   70 | #undef strlen
configure:19479: $? = 0
configure:19479: result: yes
configure:19485: checking for strlcpy
configure:19485: gcc -o conftest.exe -g -O2 -I./include -idirafter ./src/video/khronos   -I./include -idirafter ./src/video/khronos   conftest.c  >&5
C:/Users/voan2/scoop/apps/gcc/13.2.0/bin/../lib/gcc/x86_64-w64-mingw32/13.2.0/../../../../x86_64-w64-mingw32/bin/ld.exe: C:\Users\voan2\AppData\Local\Temp\cc0auR0s.o: in function `main':
C:/Users/voan2/Documents/GitHub/OpenGlassBox/SDL2-2.28.5/conftest.c:90:(.text.startup+0xa): undefined reference to `strlcpy'
collect2.exe: error: ld returned 1 exit status
configure:19485: $? = 1
configure: failed program was:
| /* confdefs.h */
| #define PACKAGE_NAME ""
| #define PACKAGE_TARNAME ""
| #define PACKAGE_VERSION ""
| #define PACKAGE_STRING ""
| #define PACKAGE_BUGREPORT ""
| #define PACKAGE_URL ""
| #define HAVE_STDIO_H 1
| #define HAVE_STDLIB_H 1
| #define HAVE_STRING_H 1
| #define HAVE_INTTYPES_H 1
| #define HAVE_STDINT_H 1
| #define HAVE_STRINGS_H 1
| #define HAVE_SYS_STAT_H 1
| #define HAVE_SYS_TYPES_H 1
| #define HAVE_UNISTD_H 1
| #define STDC_HEADERS 1
| #define LT_OBJDIR ".libs/"
| #define _FILE_OFFSET_BITS 64
| #define HAVE_LIBC 1
| #define HAVE_SYS_TYPES_H 1
| #define HAVE_STDIO_H 1
| #define HAVE_STDLIB_H 1
| #define HAVE_STDDEF_H 1
| #define HAVE_STDARG_H 1
| #define HAVE_MALLOC_H 1
| #define HAVE_MEMORY_H 1
| #define HAVE_STRING_H 1
| #define HAVE_STRINGS_H 1
| #define HAVE_WCHAR_H 1
| #define HAVE_INTTYPES_H 1
| #define HAVE_STDINT_H 1
| #define HAVE_LIMITS_H 1
| #define HAVE_CTYPE_H 1
| #define HAVE_MATH_H 1
| #define HAVE_FLOAT_H 1
| #define HAVE_SIGNAL_H 1
| #define HAVE_M_PI /**/
| #define HAVE_ALLOCA 1
| #define HAVE_MALLOC 1
| #define HAVE_CALLOC 1
| #define HAVE_REALLOC 1
| #define HAVE_FREE 1
| #define HAVE_GETENV 1
| #define HAVE_PUTENV 1
| #define HAVE_BSEARCH 1
| #define HAVE_QSORT 1
| #define HAVE_ABS 1
| #define HAVE_MEMSET 1
| #define HAVE_MEMCMP 1
| #define HAVE_MEMCPY 1
| #define HAVE_MEMMOVE 1
| #define HAVE_WCSLEN 1
| #define HAVE__WCSDUP 1
| #define HAVE_WCSDUP 1
| #define HAVE_WCSSTR 1
| #define HAVE_WCSCMP 1
| #define HAVE_WCSNCMP 1
| #define HAVE__WCSICMP 1
| #define HAVE__WCSNICMP 1
| #define HAVE_STRLEN 1
| /* end confdefs.h.  */
| /* Define strlcpy to an innocuous variant, in case <limits.h> declares strlcpy.
|    For example, HP-UX 11i <limits.h> declares gettimeofday.  */
| #define strlcpy innocuous_strlcpy
| 
| /* System header to define __stub macros and hopefully few prototypes,
|    which can conflict with char strlcpy (); below.  */
| 
| #include <limits.h>
| #undef strlcpy
| 
| /* Override any GCC internal prototype to avoid an error.
|    Use char because int might match the return type of a GCC
|    builtin and then its argument prototype would still apply.  */
| #ifdef __cplusplus
| extern "C"
| #endif
| char strlcpy ();
| /* The GNU C library defines this for functions which it implements
|     to always fail with ENOSYS.  Some functions are actually named
|     something starting with __ and the normal name is an alias.  */
| #if defined __stub_strlcpy || defined __stub___strlcpy
| choke me
| #endif
| 
| int
| main (void)
| {
| return strlcpy ();
|   ;
|   return 0;
| }
configure:19485: result: no
configure:19491: checking for strlcat
configure:19491: gcc -o conftest.exe -g -O2 -I./include -idirafter ./src/video/khronos   -I./include -idirafter ./src/video/khronos   conftest.c  >&5
C:/Users/voan2/scoop/apps/gcc/13.2.0/bin/../lib/gcc/x86_64-w64-mingw32/13.2.0/../../../../x86_64-w64-mingw32/bin/ld.exe: C:\Users\voan2\AppData\Local\Temp\ccO0b9xk.o: in function `main':
C:/Users/voan2/Documents/GitHub/OpenGlassBox/SDL2-2.28.5/conftest.c:90:(.text.startup+0xa): undefined reference to `strlcat'
collect2.exe: error: ld returned 1 exit status
configure:19491: $? = 1
configure: failed program was:
| /* confdefs.h */
| #define PACKAGE_NAME ""
| #define PACKAGE_TARNAME ""
| #define PACKAGE_VERSION ""
| #define PACKAGE_STRING ""
| #define PACKAGE_BUGREPORT ""
| #define PACKAGE_URL ""
| #define HAVE_STDIO_H 1
| #define HAVE_STDLIB_H 1
| #define HAVE_STRING_H 1
| #define HAVE_INTTYPES_H 1
| #define HAVE_STDINT_H 1
| #define HAVE_STRINGS_H 1
| #define HAVE_SYS_STAT_H 1
| #define HAVE_SYS_TYPES_H 1
| #define HAVE_UNISTD_H 1
| #define STDC_HEADERS 1
| #define LT_OBJDIR ".libs/"
| #define _FILE_OFFSET_BITS 64
| #define HAVE_LIBC 1
| #define HAVE_SYS_TYPES_H 1
| #define HAVE_STDIO_H 1
| #define HAVE_STDLIB_H 1
| #define HAVE_STDDEF_H 1
| #define HAVE_STDARG_H 1
| #define HAVE_MALLOC_H 1
| #define HAVE_MEMORY_H 1
| #define HAVE_STRING_H 1
| #define HAVE_STRINGS_H 1
| #define HAVE_WCHAR_H 1
| #define HAVE_INTTYPES_H 1
| #define HAVE_STDINT_H 1
| #define HAVE_LIMITS_H 1
| #define HAVE_CTYPE_H 1
| #define HAVE_MATH_H 1
| #define HAVE_FLOAT_H 1
| #define HAVE_SIGNAL_H 1
| #define HAVE_M_PI /**/
| #define HAVE_ALLOCA 1
| #define HAVE_MALLOC 1
| #define HAVE_CALLOC 1
| #define HAVE_REALLOC 1
| #define HAVE_FREE 1
| #define HAVE_GETENV 1
| #define HAVE_PUTENV 1
| #define HAVE_BSEARCH 1
| #define HAVE_QSORT 1
| #define HAVE_ABS 1
| #define HAVE_MEMSET 1
| #define HAVE_MEMCMP 1
| #define HAVE_MEMCPY 1
| #define HAVE_MEMMOVE 1
| #define HAVE_WCSLEN 1
| #define HAVE__WCSDUP 1
| #define HAVE_WCSDUP 1
| #define HAVE_WCSSTR 1
| #define HAVE_WCSCMP 1
| #define HAVE_WCSNCMP 1
| #define HAVE__WCSICMP 1
| #define HAVE__WCSNICMP 1
| #define HAVE_STRLEN 1
| /* end confdefs.h.  */
| /* Define strlcat to an innocuous variant, in case <limits.h> declares strlcat.
|    For example, HP-UX 11i <limits.h> declares gettimeofday.  */
| #define strlcat innocuous_strlcat
| 
| /* System header to define __stub macros and hopefully few prototypes,
|    which can conflict with char strlcat (); below.  */
| 
| #include <limits.h>
| #undef strlcat
| 
| /* Override any GCC internal prototype to avoid an error.
|    Use char because int might match the return type of a GCC
|    builtin and then its argument prototype would still apply.  */
| #ifdef __cplusplus
| extern "C"
| #endif
| char strlcat ();
| /* The GNU C library defines this for functions which it implements
|     to always fail with ENOSYS.  Some functions are actually named
|     something starting with __ and the normal name is an alias.  */
| #if defined __stub_strlcat || defined __stub___strlcat
| choke me
| #endif
| 
| int
| main (void)
| {
| return strlcat ();
|   ;
|   return 0;
| }
configure:19491: result: no
configure:19497: checking for _strrev
configure:19497: gcc -o conftest.exe -g -O2 -I./include -idirafter ./src/video/khronos   -I./include -idirafter ./src/video/khronos   conftest.c  >&5
configure:19497: $? = 0
configure:19497: result: yes
configure:19503: checking for _strupr
configure:19503: gcc -o conftest.exe -g -O2 -I./include -idirafter ./src/video/khronos   -I./include -idirafter ./src/video/khronos   conftest.c  >&5
configure:19503: $? = 0
configure:19503: result: yes
configure:19509: checking for _strlwr
configure:19509: gcc -o conftest.exe -g -O2 -I./include -idirafter ./src/video/khronos   -I./include -idirafter ./src/video/khronos   conftest.c  >&5
configure:19509: $? = 0
configure:19509: result: yes
configure:19515: checking for index
configure:19515: gcc -o conftest.exe -g -O2 -I./include -idirafter ./src/video/khronos   -I./include -idirafter ./src/video/khronos   conftest.c  >&5
conftest.c:82:6: warning: conflicting types for built-in function 'index'; expected 'char *(const char *, int)' [-Wbuiltin-declaration-mismatch]
   82 | char index ();
      |      ^~~~~
C:/Users/voan2/scoop/apps/gcc/13.2.0/bin/../lib/gcc/x86_64-w64-mingw32/13.2.0/../../../../x86_64-w64-mingw32/bin/ld.exe: C:\Users\voan2\AppData\Local\Temp\ccSejxOy.o: in function `main':
C:/Users/voan2/Documents/GitHub/OpenGlassBox/SDL2-2.28.5/conftest.c:93:(.text.startup+0xa): undefined reference to `index'
collect2.exe: error: ld returned 1 exit status
configure:19515: $? = 1
configure: failed program was:
| /* confdefs.h */
| #define PACKAGE_NAME ""
| #define PACKAGE_TARNAME ""
| #define PACKAGE_VERSION ""
| #define PACKAGE_STRING ""
| #define PACKAGE_BUGREPORT ""
| #define PACKAGE_URL ""
| #define HAVE_STDIO_H 1
| #define HAVE_STDLIB_H 1
| #define HAVE_STRING_H 1
| #define HAVE_INTTYPES_H 1
| #define HAVE_STDINT_H 1
| #define HAVE_STRINGS_H 1
| #define HAVE_SYS_STAT_H 1
| #define HAVE_SYS_TYPES_H 1
| #define HAVE_UNISTD_H 1
| #define STDC_HEADERS 1
| #define LT_OBJDIR ".libs/"
| #define _FILE_OFFSET_BITS 64
| #define HAVE_LIBC 1
| #define HAVE_SYS_TYPES_H 1
| #define HAVE_STDIO_H 1
| #define HAVE_STDLIB_H 1
| #define HAVE_STDDEF_H 1
| #define HAVE_STDARG_H 1
| #define HAVE_MALLOC_H 1
| #define HAVE_MEMORY_H 1
| #define HAVE_STRING_H 1
| #define HAVE_STRINGS_H 1
| #define HAVE_WCHAR_H 1
| #define HAVE_INTTYPES_H 1
| #define HAVE_STDINT_H 1
| #define HAVE_LIMITS_H 1
| #define HAVE_CTYPE_H 1
| #define HAVE_MATH_H 1
| #define HAVE_FLOAT_H 1
| #define HAVE_SIGNAL_H 1
| #define HAVE_M_PI /**/
| #define HAVE_ALLOCA 1
| #define HAVE_MALLOC 1
| #define HAVE_CALLOC 1
| #define HAVE_REALLOC 1
| #define HAVE_FREE 1
| #define HAVE_GETENV 1
| #define HAVE_PUTENV 1
| #define HAVE_BSEARCH 1
| #define HAVE_QSORT 1
| #define HAVE_ABS 1
| #define HAVE_MEMSET 1
| #define HAVE_MEMCMP 1
| #define HAVE_MEMCPY 1
| #define HAVE_MEMMOVE 1
| #define HAVE_WCSLEN 1
| #define HAVE__WCSDUP 1
| #define HAVE_WCSDUP 1
| #define HAVE_WCSSTR 1
| #define HAVE_WCSCMP 1
| #define HAVE_WCSNCMP 1
| #define HAVE__WCSICMP 1
| #define HAVE__WCSNICMP 1
| #define HAVE_STRLEN 1
| #define HAVE__STRREV 1
| #define HAVE__STRUPR 1
| #define HAVE__STRLWR 1
| /* end confdefs.h.  */
| /* Define index to an innocuous variant, in case <limits.h> declares index.
|    For example, HP-UX 11i <limits.h> declares gettimeofday.  */
| #define index innocuous_index
| 
| /* System header to define __stub macros and hopefully few prototypes,
|    which can conflict with char index (); below.  */
| 
| #include <limits.h>
| #undef index
| 
| /* Override any GCC internal prototype to avoid an error.
|    Use char because int might match the return type of a GCC
|    builtin and then its argument prototype would still apply.  */
| #ifdef __cplusplus
| extern "C"
| #endif
| char index ();
| /* The GNU C library defines this for functions which it implements
|     to always fail with ENOSYS.  Some functions are actually named
|     something starting with __ and the normal name is an alias.  */
| #if defined __stub_index || defined __stub___index
| choke me
| #endif
| 
| int
| main (void)
| {
| return index ();
|   ;
|   return 0;
| }
configure:19515: result: no
configure:19521: checking for rindex
configure:19521: gcc -o conftest.exe -g -O2 -I./include -idirafter ./src/video/khronos   -I./include -idirafter ./src/video/khronos   conftest.c  >&5
conftest.c:82:6: warning: conflicting types for built-in function 'rindex'; expected 'char *(const char *, int)' [-Wbuiltin-declaration-mismatch]
   82 | char rindex ();
      |      ^~~~~~
C:/Users/voan2/scoop/apps/gcc/13.2.0/bin/../lib/gcc/x86_64-w64-mingw32/13.2.0/../../../../x86_64-w64-mingw32/bin/ld.exe: C:\Users\voan2\AppData\Local\Temp\cc8mrtbq.o: in function `main':
C:/Users/voan2/Documents/GitHub/OpenGlassBox/SDL2-2.28.5/conftest.c:93:(.text.startup+0xa): undefined reference to `rindex'
collect2.exe: error: ld returned 1 exit status
configure:19521: $? = 1
configure: failed program was:
| /* confdefs.h */
| #define PACKAGE_NAME ""
| #define PACKAGE_TARNAME ""
| #define PACKAGE_VERSION ""
| #define PACKAGE_STRING ""
| #define PACKAGE_BUGREPORT ""
| #define PACKAGE_URL ""
| #define HAVE_STDIO_H 1
| #define HAVE_STDLIB_H 1
| #define HAVE_STRING_H 1
| #define HAVE_INTTYPES_H 1
| #define HAVE_STDINT_H 1
| #define HAVE_STRINGS_H 1
| #define HAVE_SYS_STAT_H 1
| #define HAVE_SYS_TYPES_H 1
| #define HAVE_UNISTD_H 1
| #define STDC_HEADERS 1
| #define LT_OBJDIR ".libs/"
| #define _FILE_OFFSET_BITS 64
| #define HAVE_LIBC 1
| #define HAVE_SYS_TYPES_H 1
| #define HAVE_STDIO_H 1
| #define HAVE_STDLIB_H 1
| #define HAVE_STDDEF_H 1
| #define HAVE_STDARG_H 1
| #define HAVE_MALLOC_H 1
| #define HAVE_MEMORY_H 1
| #define HAVE_STRING_H 1
| #define HAVE_STRINGS_H 1
| #define HAVE_WCHAR_H 1
| #define HAVE_INTTYPES_H 1
| #define HAVE_STDINT_H 1
| #define HAVE_LIMITS_H 1
| #define HAVE_CTYPE_H 1
| #define HAVE_MATH_H 1
| #define HAVE_FLOAT_H 1
| #define HAVE_SIGNAL_H 1
| #define HAVE_M_PI /**/
| #define HAVE_ALLOCA 1
| #define HAVE_MALLOC 1
| #define HAVE_CALLOC 1
| #define HAVE_REALLOC 1
| #define HAVE_FREE 1
| #define HAVE_GETENV 1
| #define HAVE_PUTENV 1
| #define HAVE_BSEARCH 1
| #define HAVE_QSORT 1
| #define HAVE_ABS 1
| #define HAVE_MEMSET 1
| #define HAVE_MEMCMP 1
| #define HAVE_MEMCPY 1
| #define HAVE_MEMMOVE 1
| #define HAVE_WCSLEN 1
| #define HAVE__WCSDUP 1
| #define HAVE_WCSDUP 1
| #define HAVE_WCSSTR 1
| #define HAVE_WCSCMP 1
| #define HAVE_WCSNCMP 1
| #define HAVE__WCSICMP 1
| #define HAVE__WCSNICMP 1
| #define HAVE_STRLEN 1
| #define HAVE__STRREV 1
| #define HAVE__STRUPR 1
| #define HAVE__STRLWR 1
| /* end confdefs.h.  */
| /* Define rindex to an innocuous variant, in case <limits.h> declares rindex.
|    For example, HP-UX 11i <limits.h> declares gettimeofday.  */
| #define rindex innocuous_rindex
| 
| /* System header to define __stub macros and hopefully few prototypes,
|    which can conflict with char rindex (); below.  */
| 
| #include <limits.h>
| #undef rindex
| 
| /* Override any GCC internal prototype to avoid an error.
|    Use char because int might match the return type of a GCC
|    builtin and then its argument prototype would still apply.  */
| #ifdef __cplusplus
| extern "C"
| #endif
| char rindex ();
| /* The GNU C library defines this for functions which it implements
|     to always fail with ENOSYS.  Some functions are actually named
|     something starting with __ and the normal name is an alias.  */
| #if defined __stub_rindex || defined __stub___rindex
| choke me
| #endif
| 
| int
| main (void)
| {
| return rindex ();
|   ;
|   return 0;
| }
configure:19521: result: no
configure:19527: checking for strchr
configure:19527: gcc -o conftest.exe -g -O2 -I./include -idirafter ./src/video/khronos   -I./include -idirafter ./src/video/khronos   conftest.c  >&5
conftest.c:82:6: warning: conflicting types for built-in function 'strchr'; expected 'char *(const char *, int)' [-Wbuiltin-declaration-mismatch]
   82 | char strchr ();
      |      ^~~~~~
conftest.c:74:1: note: 'strchr' is declared in header '<string.h>'
   73 | #include <limits.h>
   74 | #undef strchr
configure:19527: $? = 0
configure:19527: result: yes
configure:19533: checking for strrchr
configure:19533: gcc -o conftest.exe -g -O2 -I./include -idirafter ./src/video/khronos   -I./include -idirafter ./src/video/khronos   conftest.c  >&5
conftest.c:83:6: warning: conflicting types for built-in function 'strrchr'; expected 'char *(const char *, int)' [-Wbuiltin-declaration-mismatch]
   83 | char strrchr ();
      |      ^~~~~~~
conftest.c:75:1: note: 'strrchr' is declared in header '<string.h>'
   74 | #include <limits.h>
   75 | #undef strrchr
configure:19533: $? = 0
configure:19533: result: yes
configure:19539: checking for strstr
configure:19539: gcc -o conftest.exe -g -O2 -I./include -idirafter ./src/video/khronos   -I./include -idirafter ./src/video/khronos   conftest.c  >&5
conftest.c:84:6: warning: conflicting types for built-in function 'strstr'; expected 'char *(const char *, const char *)' [-Wbuiltin-declaration-mismatch]
   84 | char strstr ();
      |      ^~~~~~
conftest.c:76:1: note: 'strstr' is declared in header '<string.h>'
   75 | #include <limits.h>
   76 | #undef strstr
configure:19539: $? = 0
configure:19539: result: yes
configure:19545: checking for strtok_r
configure:19545: gcc -o conftest.exe -g -O2 -I./include -idirafter ./src/video/khronos   -I./include -idirafter ./src/video/khronos   conftest.c  >&5
configure:19545: $? = 0
configure:19545: result: yes
configure:19551: checking for itoa
configure:19551: gcc -o conftest.exe -g -O2 -I./include -idirafter ./src/video/khronos   -I./include -idirafter ./src/video/khronos   conftest.c  >&5
configure:19551: $? = 0
configure:19551: result: yes
configure:19557: checking for _ltoa
configure:19557: gcc -o conftest.exe -g -O2 -I./include -idirafter ./src/video/khronos   -I./include -idirafter ./src/video/khronos   conftest.c  >&5
configure:19557: $? = 0
configure:19557: result: yes
configure:19563: checking for _uitoa
configure:19563: gcc -o conftest.exe -g -O2 -I./include -idirafter ./src/video/khronos   -I./include -idirafter ./src/video/khronos   conftest.c  >&5
C:/Users/voan2/scoop/apps/gcc/13.2.0/bin/../lib/gcc/x86_64-w64-mingw32/13.2.0/../../../../x86_64-w64-mingw32/bin/ld.exe: C:\Users\voan2\AppData\Local\Temp\cc37VZYk.o: in function `main':
C:/Users/voan2/Documents/GitHub/OpenGlassBox/SDL2-2.28.5/conftest.c:99:(.text.startup+0xa): undefined reference to `_uitoa'
collect2.exe: error: ld returned 1 exit status
configure:19563: $? = 1
configure: failed program was:
| /* confdefs.h */
| #define PACKAGE_NAME ""
| #define PACKAGE_TARNAME ""
| #define PACKAGE_VERSION ""
| #define PACKAGE_STRING ""
| #define PACKAGE_BUGREPORT ""
| #define PACKAGE_URL ""
| #define HAVE_STDIO_H 1
| #define HAVE_STDLIB_H 1
| #define HAVE_STRING_H 1
| #define HAVE_INTTYPES_H 1
| #define HAVE_STDINT_H 1
| #define HAVE_STRINGS_H 1
| #define HAVE_SYS_STAT_H 1
| #define HAVE_SYS_TYPES_H 1
| #define HAVE_UNISTD_H 1
| #define STDC_HEADERS 1
| #define LT_OBJDIR ".libs/"
| #define _FILE_OFFSET_BITS 64
| #define HAVE_LIBC 1
| #define HAVE_SYS_TYPES_H 1
| #define HAVE_STDIO_H 1
| #define HAVE_STDLIB_H 1
| #define HAVE_STDDEF_H 1
| #define HAVE_STDARG_H 1
| #define HAVE_MALLOC_H 1
| #define HAVE_MEMORY_H 1
| #define HAVE_STRING_H 1
| #define HAVE_STRINGS_H 1
| #define HAVE_WCHAR_H 1
| #define HAVE_INTTYPES_H 1
| #define HAVE_STDINT_H 1
| #define HAVE_LIMITS_H 1
| #define HAVE_CTYPE_H 1
| #define HAVE_MATH_H 1
| #define HAVE_FLOAT_H 1
| #define HAVE_SIGNAL_H 1
| #define HAVE_M_PI /**/
| #define HAVE_ALLOCA 1
| #define HAVE_MALLOC 1
| #define HAVE_CALLOC 1
| #define HAVE_REALLOC 1
| #define HAVE_FREE 1
| #define HAVE_GETENV 1
| #define HAVE_PUTENV 1
| #define HAVE_BSEARCH 1
| #define HAVE_QSORT 1
| #define HAVE_ABS 1
| #define HAVE_MEMSET 1
| #define HAVE_MEMCMP 1
| #define HAVE_MEMCPY 1
| #define HAVE_MEMMOVE 1
| #define HAVE_WCSLEN 1
| #define HAVE__WCSDUP 1
| #define HAVE_WCSDUP 1
| #define HAVE_WCSSTR 1
| #define HAVE_WCSCMP 1
| #define HAVE_WCSNCMP 1
| #define HAVE__WCSICMP 1
| #define HAVE__WCSNICMP 1
| #define HAVE_STRLEN 1
| #define HAVE__STRREV 1
| #define HAVE__STRUPR 1
| #define HAVE__STRLWR 1
| #define HAVE_STRCHR 1
| #define HAVE_STRRCHR 1
| #define HAVE_STRSTR 1
| #define HAVE_STRTOK_R 1
| #define HAVE_ITOA 1
| #define HAVE__LTOA 1
| /* end confdefs.h.  */
| /* Define _uitoa to an innocuous variant, in case <limits.h> declares _uitoa.
|    For example, HP-UX 11i <limits.h> declares gettimeofday.  */
| #define _uitoa innocuous__uitoa
| 
| /* System header to define __stub macros and hopefully few prototypes,
|    which can conflict with char _uitoa (); below.  */
| 
| #include <limits.h>
| #undef _uitoa
| 
| /* Override any GCC internal prototype to avoid an error.
|    Use char because int might match the return type of a GCC
|    builtin and then its argument prototype would still apply.  */
| #ifdef __cplusplus
| extern "C"
| #endif
| char _uitoa ();
| /* The GNU C library defines this for functions which it implements
|     to always fail with ENOSYS.  Some functions are actually named
|     something starting with __ and the normal name is an alias.  */
| #if defined __stub__uitoa || defined __stub____uitoa
| choke me
| #endif
| 
| int
| main (void)
| {
| return _uitoa ();
|   ;
|   return 0;
| }
configure:19563: result: no
configure:19569: checking for _ultoa
configure:19569: gcc -o conftest.exe -g -O2 -I./include -idirafter ./src/video/khronos   -I./include -idirafter ./src/video/khronos   conftest.c  >&5
configure:19569: $? = 0
configure:19569: result: yes
configure:19575: checking for strtod
configure:19575: gcc -o conftest.exe -g -O2 -I./include -idirafter ./src/video/khronos   -I./include -idirafter ./src/video/khronos   conftest.c  >&5
configure:19575: $? = 0
configure:19575: result: yes
configure:19581: checking for strtol
configure:19581: gcc -o conftest.exe -g -O2 -I./include -idirafter ./src/video/khronos   -I./include -idirafter ./src/video/khronos   conftest.c  >&5
configure:19581: $? = 0
configure:19581: result: yes
configure:19587: checking for strtoul
configure:19587: gcc -o conftest.exe -g -O2 -I./include -idirafter ./src/video/khronos   -I./include -idirafter ./src/video/khronos   conftest.c  >&5
configure:19587: $? = 0
configure:19587: result: yes
configure:19593: checking for _i64toa
configure:19593: gcc -o conftest.exe -g -O2 -I./include -idirafter ./src/video/khronos   -I./include -idirafter ./src/video/khronos   conftest.c  >&5
configure:19593: $? = 0
configure:19593: result: yes
configure:19599: checking for _ui64toa
configure:19599: gcc -o conftest.exe -g -O2 -I./include -idirafter ./src/video/khronos   -I./include -idirafter ./src/video/khronos   conftest.c  >&5
configure:19599: $? = 0
configure:19599: result: yes
configure:19605: checking for strtoll
configure:19605: gcc -o conftest.exe -g -O2 -I./include -idirafter ./src/video/khronos   -I./include -idirafter ./src/video/khronos   conftest.c  >&5
configure:19605: $? = 0
configure:19605: result: yes
configure:19611: checking for strtoull
configure:19611: gcc -o conftest.exe -g -O2 -I./include -idirafter ./src/video/khronos   -I./include -idirafter ./src/video/khronos   conftest.c  >&5
configure:19611: $? = 0
configure:19611: result: yes
configure:19617: checking for atoi
configure:19617: gcc -o conftest.exe -g -O2 -I./include -idirafter ./src/video/khronos   -I./include -idirafter ./src/video/khronos   conftest.c  >&5
configure:19617: $? = 0
configure:19617: result: yes
configure:19623: checking for atof
configure:19623: gcc -o conftest.exe -g -O2 -I./include -idirafter ./src/video/khronos   -I./include -idirafter ./src/video/khronos   conftest.c  >&5
configure:19623: $? = 0
configure:19623: result: yes
configure:19629: checking for strcmp
configure:19629: gcc -o conftest.exe -g -O2 -I./include -idirafter ./src/video/khronos   -I./include -idirafter ./src/video/khronos   conftest.c  >&5
conftest.c:98:6: warning: conflicting types for built-in function 'strcmp'; expected 'int(const char *, const char *)' [-Wbuiltin-declaration-mismatch]
   98 | char strcmp ();
      |      ^~~~~~
conftest.c:90:1: note: 'strcmp' is declared in header '<string.h>'
   89 | #include <limits.h>
   90 | #undef strcmp
configure:19629: $? = 0
configure:19629: result: yes
configure:19635: checking for strncmp
configure:19635: gcc -o conftest.exe -g -O2 -I./include -idirafter ./src/video/khronos   -I./include -idirafter ./src/video/khronos   conftest.c  >&5
conftest.c:99:6: warning: conflicting types for built-in function 'strncmp'; expected 'int(const char *, const char *, long long unsigned int)' [-Wbuiltin-declaration-mismatch]
   99 | char strncmp ();
      |      ^~~~~~~
conftest.c:91:1: note: 'strncmp' is declared in header '<string.h>'
   90 | #include <limits.h>
   91 | #undef strncmp
configure:19635: $? = 0
configure:19635: result: yes
configure:19641: checking for _stricmp
configure:19641: gcc -o conftest.exe -g -O2 -I./include -idirafter ./src/video/khronos   -I./include -idirafter ./src/video/khronos   conftest.c  >&5
configure:19641: $? = 0
configure:19641: result: yes
configure:19647: checking for strcasecmp
configure:19647: gcc -o conftest.exe -g -O2 -I./include -idirafter ./src/video/khronos   -I./include -idirafter ./src/video/khronos   conftest.c  >&5
conftest.c:101:6: warning: conflicting types for built-in function 'strcasecmp'; expected 'int(const char *, const char *)' [-Wbuiltin-declaration-mismatch]
  101 | char strcasecmp ();
      |      ^~~~~~~~~~
configure:19647: $? = 0
configure:19647: result: yes
configure:19653: checking for _strnicmp
configure:19653: gcc -o conftest.exe -g -O2 -I./include -idirafter ./src/video/khronos   -I./include -idirafter ./src/video/khronos   conftest.c  >&5
configure:19653: $? = 0
configure:19653: result: yes
configure:19659: checking for strncasecmp
configure:19659: gcc -o conftest.exe -g -O2 -I./include -idirafter ./src/video/khronos   -I./include -idirafter ./src/video/khronos   conftest.c  >&5
conftest.c:103:6: warning: conflicting types for built-in function 'strncasecmp'; expected 'int(const char *, const char *, long long unsigned int)' [-Wbuiltin-declaration-mismatch]
  103 | char strncasecmp ();
      |      ^~~~~~~~~~~
configure:19659: $? = 0
configure:19659: result: yes
configure:19665: checking for strcasestr
configure:19665: gcc -o conftest.exe -g -O2 -I./include -idirafter ./src/video/khronos   -I./include -idirafter ./src/video/khronos   conftest.c  >&5
C:/Users/voan2/scoop/apps/gcc/13.2.0/bin/../lib/gcc/x86_64-w64-mingw32/13.2.0/../../../../x86_64-w64-mingw32/bin/ld.exe: C:\Users\voan2\AppData\Local\Temp\ccOyKuci.o: in function `main':
C:/Users/voan2/Documents/GitHub/OpenGlassBox/SDL2-2.28.5/conftest.c:115:(.text.startup+0xa): undefined reference to `strcasestr'
collect2.exe: error: ld returned 1 exit status
configure:19665: $? = 1
configure: failed program was:
| /* confdefs.h */
| #define PACKAGE_NAME ""
| #define PACKAGE_TARNAME ""
| #define PACKAGE_VERSION ""
| #define PACKAGE_STRING ""
| #define PACKAGE_BUGREPORT ""
| #define PACKAGE_URL ""
| #define HAVE_STDIO_H 1
| #define HAVE_STDLIB_H 1
| #define HAVE_STRING_H 1
| #define HAVE_INTTYPES_H 1
| #define HAVE_STDINT_H 1
| #define HAVE_STRINGS_H 1
| #define HAVE_SYS_STAT_H 1
| #define HAVE_SYS_TYPES_H 1
| #define HAVE_UNISTD_H 1
| #define STDC_HEADERS 1
| #define LT_OBJDIR ".libs/"
| #define _FILE_OFFSET_BITS 64
| #define HAVE_LIBC 1
| #define HAVE_SYS_TYPES_H 1
| #define HAVE_STDIO_H 1
| #define HAVE_STDLIB_H 1
| #define HAVE_STDDEF_H 1
| #define HAVE_STDARG_H 1
| #define HAVE_MALLOC_H 1
| #define HAVE_MEMORY_H 1
| #define HAVE_STRING_H 1
| #define HAVE_STRINGS_H 1
| #define HAVE_WCHAR_H 1
| #define HAVE_INTTYPES_H 1
| #define HAVE_STDINT_H 1
| #define HAVE_LIMITS_H 1
| #define HAVE_CTYPE_H 1
| #define HAVE_MATH_H 1
| #define HAVE_FLOAT_H 1
| #define HAVE_SIGNAL_H 1
| #define HAVE_M_PI /**/
| #define HAVE_ALLOCA 1
| #define HAVE_MALLOC 1
| #define HAVE_CALLOC 1
| #define HAVE_REALLOC 1
| #define HAVE_FREE 1
| #define HAVE_GETENV 1
| #define HAVE_PUTENV 1
| #define HAVE_BSEARCH 1
| #define HAVE_QSORT 1
| #define HAVE_ABS 1
| #define HAVE_MEMSET 1
| #define HAVE_MEMCMP 1
| #define HAVE_MEMCPY 1
| #define HAVE_MEMMOVE 1
| #define HAVE_WCSLEN 1
| #define HAVE__WCSDUP 1
| #define HAVE_WCSDUP 1
| #define HAVE_WCSSTR 1
| #define HAVE_WCSCMP 1
| #define HAVE_WCSNCMP 1
| #define HAVE__WCSICMP 1
| #define HAVE__WCSNICMP 1
| #define HAVE_STRLEN 1
| #define HAVE__STRREV 1
| #define HAVE__STRUPR 1
| #define HAVE__STRLWR 1
| #define HAVE_STRCHR 1
| #define HAVE_STRRCHR 1
| #define HAVE_STRSTR 1
| #define HAVE_STRTOK_R 1
| #define HAVE_ITOA 1
| #define HAVE__LTOA 1
| #define HAVE__ULTOA 1
| #define HAVE_STRTOD 1
| #define HAVE_STRTOL 1
| #define HAVE_STRTOUL 1
| #define HAVE__I64TOA 1
| #define HAVE__UI64TOA 1
| #define HAVE_STRTOLL 1
| #define HAVE_STRTOULL 1
| #define HAVE_ATOI 1
| #define HAVE_ATOF 1
| #define HAVE_STRCMP 1
| #define HAVE_STRNCMP 1
| #define HAVE__STRICMP 1
| #define HAVE_STRCASECMP 1
| #define HAVE__STRNICMP 1
| #define HAVE_STRNCASECMP 1
| /* end confdefs.h.  */
| /* Define strcasestr to an innocuous variant, in case <limits.h> declares strcasestr.
|    For example, HP-UX 11i <limits.h> declares gettimeofday.  */
| #define strcasestr innocuous_strcasestr
| 
| /* System header to define __stub macros and hopefully few prototypes,
|    which can conflict with char strcasestr (); below.  */
| 
| #include <limits.h>
| #undef strcasestr
| 
| /* Override any GCC internal prototype to avoid an error.
|    Use char because int might match the return type of a GCC
|    builtin and then its argument prototype would still apply.  */
| #ifdef __cplusplus
| extern "C"
| #endif
| char strcasestr ();
| /* The GNU C library defines this for functions which it implements
|     to always fail with ENOSYS.  Some functions are actually named
|     something starting with __ and the normal name is an alias.  */
| #if defined __stub_strcasestr || defined __stub___strcasestr
| choke me
| #endif
| 
| int
| main (void)
| {
| return strcasestr ();
|   ;
|   return 0;
| }
configure:19665: result: no
configure:19671: checking for vsscanf
configure:19671: gcc -o conftest.exe -g -O2 -I./include -idirafter ./src/video/khronos   -I./include -idirafter ./src/video/khronos   conftest.c  >&5
conftest.c:104:6: warning: conflicting types for built-in function 'vsscanf'; expected 'int(const char *, const char *, char *)' [-Wbuiltin-declaration-mismatch]
  104 | char vsscanf ();
      |      ^~~~~~~
conftest.c:96:1: note: 'vsscanf' is declared in header '<stdio.h>'
   95 | #include <limits.h>
   96 | #undef vsscanf
configure:19671: $? = 0
configure:19671: result: yes
configure:19677: checking for vsnprintf
configure:19677: gcc -o conftest.exe -g -O2 -I./include -idirafter ./src/video/khronos   -I./include -idirafter ./src/video/khronos   conftest.c  >&5
conftest.c:105:6: warning: conflicting types for built-in function 'vsnprintf'; expected 'int(char *, long long unsigned int,  const char *, char *)' [-Wbuiltin-declaration-mismatch]
  105 | char vsnprintf ();
      |      ^~~~~~~~~
conftest.c:97:1: note: 'vsnprintf' is declared in header '<stdio.h>'
   96 | #include <limits.h>
   97 | #undef vsnprintf
configure:19677: $? = 0
configure:19677: result: yes
configure:19683: checking for fopen64
configure:19683: gcc -o conftest.exe -g -O2 -I./include -idirafter ./src/video/khronos   -I./include -idirafter ./src/video/khronos   conftest.c  >&5
configure:19683: $? = 0
configure:19683: result: yes
configure:19689: checking for fseeko
configure:19689: gcc -o conftest.exe -g -O2 -I./include -idirafter ./src/video/khronos   -I./include -idirafter ./src/video/khronos   conftest.c  >&5
configure:19689: $? = 0
configure:19689: result: yes
configure:19695: checking for fseeko64
configure:19695: gcc -o conftest.exe -g -O2 -I./include -idirafter ./src/video/khronos   -I./include -idirafter ./src/video/khronos   conftest.c  >&5
configure:19695: $? = 0
configure:19695: result: yes
configure:19701: checking for sigaction
configure:19701: gcc -o conftest.exe -g -O2 -I./include -idirafter ./src/video/khronos   -I./include -idirafter ./src/video/khronos   conftest.c  >&5
C:/Users/voan2/scoop/apps/gcc/13.2.0/bin/../lib/gcc/x86_64-w64-mingw32/13.2.0/../../../../x86_64-w64-mingw32/bin/ld.exe: C:\Users\voan2\AppData\Local\Temp\ccA7W7Np.o: in function `main':
C:/Users/voan2/Documents/GitHub/OpenGlassBox/SDL2-2.28.5/conftest.c:120:(.text.startup+0xa): undefined reference to `sigaction'
collect2.exe: error: ld returned 1 exit status
configure:19701: $? = 1
configure: failed program was:
| /* confdefs.h */
| #define PACKAGE_NAME ""
| #define PACKAGE_TARNAME ""
| #define PACKAGE_VERSION ""
| #define PACKAGE_STRING ""
| #define PACKAGE_BUGREPORT ""
| #define PACKAGE_URL ""
| #define HAVE_STDIO_H 1
| #define HAVE_STDLIB_H 1
| #define HAVE_STRING_H 1
| #define HAVE_INTTYPES_H 1
| #define HAVE_STDINT_H 1
| #define HAVE_STRINGS_H 1
| #define HAVE_SYS_STAT_H 1
| #define HAVE_SYS_TYPES_H 1
| #define HAVE_UNISTD_H 1
| #define STDC_HEADERS 1
| #define LT_OBJDIR ".libs/"
| #define _FILE_OFFSET_BITS 64
| #define HAVE_LIBC 1
| #define HAVE_SYS_TYPES_H 1
| #define HAVE_STDIO_H 1
| #define HAVE_STDLIB_H 1
| #define HAVE_STDDEF_H 1
| #define HAVE_STDARG_H 1
| #define HAVE_MALLOC_H 1
| #define HAVE_MEMORY_H 1
| #define HAVE_STRING_H 1
| #define HAVE_STRINGS_H 1
| #define HAVE_WCHAR_H 1
| #define HAVE_INTTYPES_H 1
| #define HAVE_STDINT_H 1
| #define HAVE_LIMITS_H 1
| #define HAVE_CTYPE_H 1
| #define HAVE_MATH_H 1
| #define HAVE_FLOAT_H 1
| #define HAVE_SIGNAL_H 1
| #define HAVE_M_PI /**/
| #define HAVE_ALLOCA 1
| #define HAVE_MALLOC 1
| #define HAVE_CALLOC 1
| #define HAVE_REALLOC 1
| #define HAVE_FREE 1
| #define HAVE_GETENV 1
| #define HAVE_PUTENV 1
| #define HAVE_BSEARCH 1
| #define HAVE_QSORT 1
| #define HAVE_ABS 1
| #define HAVE_MEMSET 1
| #define HAVE_MEMCMP 1
| #define HAVE_MEMCPY 1
| #define HAVE_MEMMOVE 1
| #define HAVE_WCSLEN 1
| #define HAVE__WCSDUP 1
| #define HAVE_WCSDUP 1
| #define HAVE_WCSSTR 1
| #define HAVE_WCSCMP 1
| #define HAVE_WCSNCMP 1
| #define HAVE__WCSICMP 1
| #define HAVE__WCSNICMP 1
| #define HAVE_STRLEN 1
| #define HAVE__STRREV 1
| #define HAVE__STRUPR 1
| #define HAVE__STRLWR 1
| #define HAVE_STRCHR 1
| #define HAVE_STRRCHR 1
| #define HAVE_STRSTR 1
| #define HAVE_STRTOK_R 1
| #define HAVE_ITOA 1
| #define HAVE__LTOA 1
| #define HAVE__ULTOA 1
| #define HAVE_STRTOD 1
| #define HAVE_STRTOL 1
| #define HAVE_STRTOUL 1
| #define HAVE__I64TOA 1
| #define HAVE__UI64TOA 1
| #define HAVE_STRTOLL 1
| #define HAVE_STRTOULL 1
| #define HAVE_ATOI 1
| #define HAVE_ATOF 1
| #define HAVE_STRCMP 1
| #define HAVE_STRNCMP 1
| #define HAVE__STRICMP 1
| #define HAVE_STRCASECMP 1
| #define HAVE__STRNICMP 1
| #define HAVE_STRNCASECMP 1
| #define HAVE_VSSCANF 1
| #define HAVE_VSNPRINTF 1
| #define HAVE_FOPEN64 1
| #define HAVE_FSEEKO 1
| #define HAVE_FSEEKO64 1
| /* end confdefs.h.  */
| /* Define sigaction to an innocuous variant, in case <limits.h> declares sigaction.
|    For example, HP-UX 11i <limits.h> declares gettimeofday.  */
| #define sigaction innocuous_sigaction
| 
| /* System header to define __stub macros and hopefully few prototypes,
|    which can conflict with char sigaction (); below.  */
| 
| #include <limits.h>
| #undef sigaction
| 
| /* Override any GCC internal prototype to avoid an error.
|    Use char because int might match the return type of a GCC
|    builtin and then its argument prototype would still apply.  */
| #ifdef __cplusplus
| extern "C"
| #endif
| char sigaction ();
| /* The GNU C library defines this for functions which it implements
|     to always fail with ENOSYS.  Some functions are actually named
|     something starting with __ and the normal name is an alias.  */
| #if defined __stub_sigaction || defined __stub___sigaction
| choke me
| #endif
| 
| int
| main (void)
| {
| return sigaction ();
|   ;
|   return 0;
| }
configure:19701: result: no
configure:19707: checking for setjmp
configure:19707: gcc -o conftest.exe -g -O2 -I./include -idirafter ./src/video/khronos   -I./include -idirafter ./src/video/khronos   conftest.c  >&5
configure:19707: $? = 0
configure:19707: result: yes
configure:19713: checking for nanosleep
configure:19713: gcc -o conftest.exe -g -O2 -I./include -idirafter ./src/video/khronos   -I./include -idirafter ./src/video/khronos   conftest.c  >&5
configure:19713: $? = 0
configure:19713: result: yes
configure:19719: checking for sysconf
configure:19719: gcc -o conftest.exe -g -O2 -I./include -idirafter ./src/video/khronos   -I./include -idirafter ./src/video/khronos   conftest.c  >&5
C:/Users/voan2/scoop/apps/gcc/13.2.0/bin/../lib/gcc/x86_64-w64-mingw32/13.2.0/../../../../x86_64-w64-mingw32/bin/ld.exe: C:\Users\voan2\AppData\Local\Temp\cc0PZGkh.o: in function `main':
C:/Users/voan2/Documents/GitHub/OpenGlassBox/SDL2-2.28.5/conftest.c:122:(.text.startup+0xa): undefined reference to `sysconf'
collect2.exe: error: ld returned 1 exit status
configure:19719: $? = 1
configure: failed program was:
| /* confdefs.h */
| #define PACKAGE_NAME ""
| #define PACKAGE_TARNAME ""
| #define PACKAGE_VERSION ""
| #define PACKAGE_STRING ""
| #define PACKAGE_BUGREPORT ""
| #define PACKAGE_URL ""
| #define HAVE_STDIO_H 1
| #define HAVE_STDLIB_H 1
| #define HAVE_STRING_H 1
| #define HAVE_INTTYPES_H 1
| #define HAVE_STDINT_H 1
| #define HAVE_STRINGS_H 1
| #define HAVE_SYS_STAT_H 1
| #define HAVE_SYS_TYPES_H 1
| #define HAVE_UNISTD_H 1
| #define STDC_HEADERS 1
| #define LT_OBJDIR ".libs/"
| #define _FILE_OFFSET_BITS 64
| #define HAVE_LIBC 1
| #define HAVE_SYS_TYPES_H 1
| #define HAVE_STDIO_H 1
| #define HAVE_STDLIB_H 1
| #define HAVE_STDDEF_H 1
| #define HAVE_STDARG_H 1
| #define HAVE_MALLOC_H 1
| #define HAVE_MEMORY_H 1
| #define HAVE_STRING_H 1
| #define HAVE_STRINGS_H 1
| #define HAVE_WCHAR_H 1
| #define HAVE_INTTYPES_H 1
| #define HAVE_STDINT_H 1
| #define HAVE_LIMITS_H 1
| #define HAVE_CTYPE_H 1
| #define HAVE_MATH_H 1
| #define HAVE_FLOAT_H 1
| #define HAVE_SIGNAL_H 1
| #define HAVE_M_PI /**/
| #define HAVE_ALLOCA 1
| #define HAVE_MALLOC 1
| #define HAVE_CALLOC 1
| #define HAVE_REALLOC 1
| #define HAVE_FREE 1
| #define HAVE_GETENV 1
| #define HAVE_PUTENV 1
| #define HAVE_BSEARCH 1
| #define HAVE_QSORT 1
| #define HAVE_ABS 1
| #define HAVE_MEMSET 1
| #define HAVE_MEMCMP 1
| #define HAVE_MEMCPY 1
| #define HAVE_MEMMOVE 1
| #define HAVE_WCSLEN 1
| #define HAVE__WCSDUP 1
| #define HAVE_WCSDUP 1
| #define HAVE_WCSSTR 1
| #define HAVE_WCSCMP 1
| #define HAVE_WCSNCMP 1
| #define HAVE__WCSICMP 1
| #define HAVE__WCSNICMP 1
| #define HAVE_STRLEN 1
| #define HAVE__STRREV 1
| #define HAVE__STRUPR 1
| #define HAVE__STRLWR 1
| #define HAVE_STRCHR 1
| #define HAVE_STRRCHR 1
| #define HAVE_STRSTR 1
| #define HAVE_STRTOK_R 1
| #define HAVE_ITOA 1
| #define HAVE__LTOA 1
| #define HAVE__ULTOA 1
| #define HAVE_STRTOD 1
| #define HAVE_STRTOL 1
| #define HAVE_STRTOUL 1
| #define HAVE__I64TOA 1
| #define HAVE__UI64TOA 1
| #define HAVE_STRTOLL 1
| #define HAVE_STRTOULL 1
| #define HAVE_ATOI 1
| #define HAVE_ATOF 1
| #define HAVE_STRCMP 1
| #define HAVE_STRNCMP 1
| #define HAVE__STRICMP 1
| #define HAVE_STRCASECMP 1
| #define HAVE__STRNICMP 1
| #define HAVE_STRNCASECMP 1
| #define HAVE_VSSCANF 1
| #define HAVE_VSNPRINTF 1
| #define HAVE_FOPEN64 1
| #define HAVE_FSEEKO 1
| #define HAVE_FSEEKO64 1
| #define HAVE_SETJMP 1
| #define HAVE_NANOSLEEP 1
| /* end confdefs.h.  */
| /* Define sysconf to an innocuous variant, in case <limits.h> declares sysconf.
|    For example, HP-UX 11i <limits.h> declares gettimeofday.  */
| #define sysconf innocuous_sysconf
| 
| /* System header to define __stub macros and hopefully few prototypes,
|    which can conflict with char sysconf (); below.  */
| 
| #include <limits.h>
| #undef sysconf
| 
| /* Override any GCC internal prototype to avoid an error.
|    Use char because int might match the return type of a GCC
|    builtin and then its argument prototype would still apply.  */
| #ifdef __cplusplus
| extern "C"
| #endif
| char sysconf ();
| /* The GNU C library defines this for functions which it implements
|     to always fail with ENOSYS.  Some functions are actually named
|     something starting with __ and the normal name is an alias.  */
| #if defined __stub_sysconf || defined __stub___sysconf
| choke me
| #endif
| 
| int
| main (void)
| {
| return sysconf ();
|   ;
|   return 0;
| }
configure:19719: result: no
configure:19725: checking for sysctlbyname
configure:19725: gcc -o conftest.exe -g -O2 -I./include -idirafter ./src/video/khronos   -I./include -idirafter ./src/video/khronos   conftest.c  >&5
C:/Users/voan2/scoop/apps/gcc/13.2.0/bin/../lib/gcc/x86_64-w64-mingw32/13.2.0/../../../../x86_64-w64-mingw32/bin/ld.exe: C:\Users\voan2\AppData\Local\Temp\ccO3FLOf.o: in function `main':
C:/Users/voan2/Documents/GitHub/OpenGlassBox/SDL2-2.28.5/conftest.c:122:(.text.startup+0xa): undefined reference to `sysctlbyname'
collect2.exe: error: ld returned 1 exit status
configure:19725: $? = 1
configure: failed program was:
| /* confdefs.h */
| #define PACKAGE_NAME ""
| #define PACKAGE_TARNAME ""
| #define PACKAGE_VERSION ""
| #define PACKAGE_STRING ""
| #define PACKAGE_BUGREPORT ""
| #define PACKAGE_URL ""
| #define HAVE_STDIO_H 1
| #define HAVE_STDLIB_H 1
| #define HAVE_STRING_H 1
| #define HAVE_INTTYPES_H 1
| #define HAVE_STDINT_H 1
| #define HAVE_STRINGS_H 1
| #define HAVE_SYS_STAT_H 1
| #define HAVE_SYS_TYPES_H 1
| #define HAVE_UNISTD_H 1
| #define STDC_HEADERS 1
| #define LT_OBJDIR ".libs/"
| #define _FILE_OFFSET_BITS 64
| #define HAVE_LIBC 1
| #define HAVE_SYS_TYPES_H 1
| #define HAVE_STDIO_H 1
| #define HAVE_STDLIB_H 1
| #define HAVE_STDDEF_H 1
| #define HAVE_STDARG_H 1
| #define HAVE_MALLOC_H 1
| #define HAVE_MEMORY_H 1
| #define HAVE_STRING_H 1
| #define HAVE_STRINGS_H 1
| #define HAVE_WCHAR_H 1
| #define HAVE_INTTYPES_H 1
| #define HAVE_STDINT_H 1
| #define HAVE_LIMITS_H 1
| #define HAVE_CTYPE_H 1
| #define HAVE_MATH_H 1
| #define HAVE_FLOAT_H 1
| #define HAVE_SIGNAL_H 1
| #define HAVE_M_PI /**/
| #define HAVE_ALLOCA 1
| #define HAVE_MALLOC 1
| #define HAVE_CALLOC 1
| #define HAVE_REALLOC 1
| #define HAVE_FREE 1
| #define HAVE_GETENV 1
| #define HAVE_PUTENV 1
| #define HAVE_BSEARCH 1
| #define HAVE_QSORT 1
| #define HAVE_ABS 1
| #define HAVE_MEMSET 1
| #define HAVE_MEMCMP 1
| #define HAVE_MEMCPY 1
| #define HAVE_MEMMOVE 1
| #define HAVE_WCSLEN 1
| #define HAVE__WCSDUP 1
| #define HAVE_WCSDUP 1
| #define HAVE_WCSSTR 1
| #define HAVE_WCSCMP 1
| #define HAVE_WCSNCMP 1
| #define HAVE__WCSICMP 1
| #define HAVE__WCSNICMP 1
| #define HAVE_STRLEN 1
| #define HAVE__STRREV 1
| #define HAVE__STRUPR 1
| #define HAVE__STRLWR 1
| #define HAVE_STRCHR 1
| #define HAVE_STRRCHR 1
| #define HAVE_STRSTR 1
| #define HAVE_STRTOK_R 1
| #define HAVE_ITOA 1
| #define HAVE__LTOA 1
| #define HAVE__ULTOA 1
| #define HAVE_STRTOD 1
| #define HAVE_STRTOL 1
| #define HAVE_STRTOUL 1
| #define HAVE__I64TOA 1
| #define HAVE__UI64TOA 1
| #define HAVE_STRTOLL 1
| #define HAVE_STRTOULL 1
| #define HAVE_ATOI 1
| #define HAVE_ATOF 1
| #define HAVE_STRCMP 1
| #define HAVE_STRNCMP 1
| #define HAVE__STRICMP 1
| #define HAVE_STRCASECMP 1
| #define HAVE__STRNICMP 1
| #define HAVE_STRNCASECMP 1
| #define HAVE_VSSCANF 1
| #define HAVE_VSNPRINTF 1
| #define HAVE_FOPEN64 1
| #define HAVE_FSEEKO 1
| #define HAVE_FSEEKO64 1
| #define HAVE_SETJMP 1
| #define HAVE_NANOSLEEP 1
| /* end confdefs.h.  */
| /* Define sysctlbyname to an innocuous variant, in case <limits.h> declares sysctlbyname.
|    For example, HP-UX 11i <limits.h> declares gettimeofday.  */
| #define sysctlbyname innocuous_sysctlbyname
| 
| /* System header to define __stub macros and hopefully few prototypes,
|    which can conflict with char sysctlbyname (); below.  */
| 
| #include <limits.h>
| #undef sysctlbyname
| 
| /* Override any GCC internal prototype to avoid an error.
|    Use char because int might match the return type of a GCC
|    builtin and then its argument prototype would still apply.  */
| #ifdef __cplusplus
| extern "C"
| #endif
| char sysctlbyname ();
| /* The GNU C library defines this for functions which it implements
|     to always fail with ENOSYS.  Some functions are actually named
|     something starting with __ and the normal name is an alias.  */
| #if defined __stub_sysctlbyname || defined __stub___sysctlbyname
| choke me
| #endif
| 
| int
| main (void)
| {
| return sysctlbyname ();
|   ;
|   return 0;
| }
configure:19725: result: no
configure:19731: checking for getauxval
configure:19731: gcc -o conftest.exe -g -O2 -I./include -idirafter ./src/video/khronos   -I./include -idirafter ./src/video/khronos   conftest.c  >&5
C:/Users/voan2/scoop/apps/gcc/13.2.0/bin/../lib/gcc/x86_64-w64-mingw32/13.2.0/../../../../x86_64-w64-mingw32/bin/ld.exe: C:\Users\voan2\AppData\Local\Temp\ccSlKxQ6.o: in function `main':
C:/Users/voan2/Documents/GitHub/OpenGlassBox/SDL2-2.28.5/conftest.c:122:(.text.startup+0xa): undefined reference to `getauxval'
collect2.exe: error: ld returned 1 exit status
configure:19731: $? = 1
configure: failed program was:
| /* confdefs.h */
| #define PACKAGE_NAME ""
| #define PACKAGE_TARNAME ""
| #define PACKAGE_VERSION ""
| #define PACKAGE_STRING ""
| #define PACKAGE_BUGREPORT ""
| #define PACKAGE_URL ""
| #define HAVE_STDIO_H 1
| #define HAVE_STDLIB_H 1
| #define HAVE_STRING_H 1
| #define HAVE_INTTYPES_H 1
| #define HAVE_STDINT_H 1
| #define HAVE_STRINGS_H 1
| #define HAVE_SYS_STAT_H 1
| #define HAVE_SYS_TYPES_H 1
| #define HAVE_UNISTD_H 1
| #define STDC_HEADERS 1
| #define LT_OBJDIR ".libs/"
| #define _FILE_OFFSET_BITS 64
| #define HAVE_LIBC 1
| #define HAVE_SYS_TYPES_H 1
| #define HAVE_STDIO_H 1
| #define HAVE_STDLIB_H 1
| #define HAVE_STDDEF_H 1
| #define HAVE_STDARG_H 1
| #define HAVE_MALLOC_H 1
| #define HAVE_MEMORY_H 1
| #define HAVE_STRING_H 1
| #define HAVE_STRINGS_H 1
| #define HAVE_WCHAR_H 1
| #define HAVE_INTTYPES_H 1
| #define HAVE_STDINT_H 1
| #define HAVE_LIMITS_H 1
| #define HAVE_CTYPE_H 1
| #define HAVE_MATH_H 1
| #define HAVE_FLOAT_H 1
| #define HAVE_SIGNAL_H 1
| #define HAVE_M_PI /**/
| #define HAVE_ALLOCA 1
| #define HAVE_MALLOC 1
| #define HAVE_CALLOC 1
| #define HAVE_REALLOC 1
| #define HAVE_FREE 1
| #define HAVE_GETENV 1
| #define HAVE_PUTENV 1
| #define HAVE_BSEARCH 1
| #define HAVE_QSORT 1
| #define HAVE_ABS 1
| #define HAVE_MEMSET 1
| #define HAVE_MEMCMP 1
| #define HAVE_MEMCPY 1
| #define HAVE_MEMMOVE 1
| #define HAVE_WCSLEN 1
| #define HAVE__WCSDUP 1
| #define HAVE_WCSDUP 1
| #define HAVE_WCSSTR 1
| #define HAVE_WCSCMP 1
| #define HAVE_WCSNCMP 1
| #define HAVE__WCSICMP 1
| #define HAVE__WCSNICMP 1
| #define HAVE_STRLEN 1
| #define HAVE__STRREV 1
| #define HAVE__STRUPR 1
| #define HAVE__STRLWR 1
| #define HAVE_STRCHR 1
| #define HAVE_STRRCHR 1
| #define HAVE_STRSTR 1
| #define HAVE_STRTOK_R 1
| #define HAVE_ITOA 1
| #define HAVE__LTOA 1
| #define HAVE__ULTOA 1
| #define HAVE_STRTOD 1
| #define HAVE_STRTOL 1
| #define HAVE_STRTOUL 1
| #define HAVE__I64TOA 1
| #define HAVE__UI64TOA 1
| #define HAVE_STRTOLL 1
| #define HAVE_STRTOULL 1
| #define HAVE_ATOI 1
| #define HAVE_ATOF 1
| #define HAVE_STRCMP 1
| #define HAVE_STRNCMP 1
| #define HAVE__STRICMP 1
| #define HAVE_STRCASECMP 1
| #define HAVE__STRNICMP 1
| #define HAVE_STRNCASECMP 1
| #define HAVE_VSSCANF 1
| #define HAVE_VSNPRINTF 1
| #define HAVE_FOPEN64 1
| #define HAVE_FSEEKO 1
| #define HAVE_FSEEKO64 1
| #define HAVE_SETJMP 1
| #define HAVE_NANOSLEEP 1
| /* end confdefs.h.  */
| /* Define getauxval to an innocuous variant, in case <limits.h> declares getauxval.
|    For example, HP-UX 11i <limits.h> declares gettimeofday.  */
| #define getauxval innocuous_getauxval
| 
| /* System header to define __stub macros and hopefully few prototypes,
|    which can conflict with char getauxval (); below.  */
| 
| #include <limits.h>
| #undef getauxval
| 
| /* Override any GCC internal prototype to avoid an error.
|    Use char because int might match the return type of a GCC
|    builtin and then its argument prototype would still apply.  */
| #ifdef __cplusplus
| extern "C"
| #endif
| char getauxval ();
| /* The GNU C library defines this for functions which it implements
|     to always fail with ENOSYS.  Some functions are actually named
|     something starting with __ and the normal name is an alias.  */
| #if defined __stub_getauxval || defined __stub___getauxval
| choke me
| #endif
| 
| int
| main (void)
| {
| return getauxval ();
|   ;
|   return 0;
| }
configure:19731: result: no
configure:19737: checking for elf_aux_info
configure:19737: gcc -o conftest.exe -g -O2 -I./include -idirafter ./src/video/khronos   -I./include -idirafter ./src/video/khronos   conftest.c  >&5
C:/Users/voan2/scoop/apps/gcc/13.2.0/bin/../lib/gcc/x86_64-w64-mingw32/13.2.0/../../../../x86_64-w64-mingw32/bin/ld.exe: C:\Users\voan2\AppData\Local\Temp\cc6TGLvM.o: in function `main':
C:/Users/voan2/Documents/GitHub/OpenGlassBox/SDL2-2.28.5/conftest.c:122:(.text.startup+0xa): undefined reference to `elf_aux_info'
collect2.exe: error: ld returned 1 exit status
configure:19737: $? = 1
configure: failed program was:
| /* confdefs.h */
| #define PACKAGE_NAME ""
| #define PACKAGE_TARNAME ""
| #define PACKAGE_VERSION ""
| #define PACKAGE_STRING ""
| #define PACKAGE_BUGREPORT ""
| #define PACKAGE_URL ""
| #define HAVE_STDIO_H 1
| #define HAVE_STDLIB_H 1
| #define HAVE_STRING_H 1
| #define HAVE_INTTYPES_H 1
| #define HAVE_STDINT_H 1
| #define HAVE_STRINGS_H 1
| #define HAVE_SYS_STAT_H 1
| #define HAVE_SYS_TYPES_H 1
| #define HAVE_UNISTD_H 1
| #define STDC_HEADERS 1
| #define LT_OBJDIR ".libs/"
| #define _FILE_OFFSET_BITS 64
| #define HAVE_LIBC 1
| #define HAVE_SYS_TYPES_H 1
| #define HAVE_STDIO_H 1
| #define HAVE_STDLIB_H 1
| #define HAVE_STDDEF_H 1
| #define HAVE_STDARG_H 1
| #define HAVE_MALLOC_H 1
| #define HAVE_MEMORY_H 1
| #define HAVE_STRING_H 1
| #define HAVE_STRINGS_H 1
| #define HAVE_WCHAR_H 1
| #define HAVE_INTTYPES_H 1
| #define HAVE_STDINT_H 1
| #define HAVE_LIMITS_H 1
| #define HAVE_CTYPE_H 1
| #define HAVE_MATH_H 1
| #define HAVE_FLOAT_H 1
| #define HAVE_SIGNAL_H 1
| #define HAVE_M_PI /**/
| #define HAVE_ALLOCA 1
| #define HAVE_MALLOC 1
| #define HAVE_CALLOC 1
| #define HAVE_REALLOC 1
| #define HAVE_FREE 1
| #define HAVE_GETENV 1
| #define HAVE_PUTENV 1
| #define HAVE_BSEARCH 1
| #define HAVE_QSORT 1
| #define HAVE_ABS 1
| #define HAVE_MEMSET 1
| #define HAVE_MEMCMP 1
| #define HAVE_MEMCPY 1
| #define HAVE_MEMMOVE 1
| #define HAVE_WCSLEN 1
| #define HAVE__WCSDUP 1
| #define HAVE_WCSDUP 1
| #define HAVE_WCSSTR 1
| #define HAVE_WCSCMP 1
| #define HAVE_WCSNCMP 1
| #define HAVE__WCSICMP 1
| #define HAVE__WCSNICMP 1
| #define HAVE_STRLEN 1
| #define HAVE__STRREV 1
| #define HAVE__STRUPR 1
| #define HAVE__STRLWR 1
| #define HAVE_STRCHR 1
| #define HAVE_STRRCHR 1
| #define HAVE_STRSTR 1
| #define HAVE_STRTOK_R 1
| #define HAVE_ITOA 1
| #define HAVE__LTOA 1
| #define HAVE__ULTOA 1
| #define HAVE_STRTOD 1
| #define HAVE_STRTOL 1
| #define HAVE_STRTOUL 1
| #define HAVE__I64TOA 1
| #define HAVE__UI64TOA 1
| #define HAVE_STRTOLL 1
| #define HAVE_STRTOULL 1
| #define HAVE_ATOI 1
| #define HAVE_ATOF 1
| #define HAVE_STRCMP 1
| #define HAVE_STRNCMP 1
| #define HAVE__STRICMP 1
| #define HAVE_STRCASECMP 1
| #define HAVE__STRNICMP 1
| #define HAVE_STRNCASECMP 1
| #define HAVE_VSSCANF 1
| #define HAVE_VSNPRINTF 1
| #define HAVE_FOPEN64 1
| #define HAVE_FSEEKO 1
| #define HAVE_FSEEKO64 1
| #define HAVE_SETJMP 1
| #define HAVE_NANOSLEEP 1
| /* end confdefs.h.  */
| /* Define elf_aux_info to an innocuous variant, in case <limits.h> declares elf_aux_info.
|    For example, HP-UX 11i <limits.h> declares gettimeofday.  */
| #define elf_aux_info innocuous_elf_aux_info
| 
| /* System header to define __stub macros and hopefully few prototypes,
|    which can conflict with char elf_aux_info (); below.  */
| 
| #include <limits.h>
| #undef elf_aux_info
| 
| /* Override any GCC internal prototype to avoid an error.
|    Use char because int might match the return type of a GCC
|    builtin and then its argument prototype would still apply.  */
| #ifdef __cplusplus
| extern "C"
| #endif
| char elf_aux_info ();
| /* The GNU C library defines this for functions which it implements
|     to always fail with ENOSYS.  Some functions are actually named
|     something starting with __ and the normal name is an alias.  */
| #if defined __stub_elf_aux_info || defined __stub___elf_aux_info
| choke me
| #endif
| 
| int
| main (void)
| {
| return elf_aux_info ();
|   ;
|   return 0;
| }
configure:19737: result: no
configure:19743: checking for poll
configure:19743: gcc -o conftest.exe -g -O2 -I./include -idirafter ./src/video/khronos   -I./include -idirafter ./src/video/khronos   conftest.c  >&5
C:/Users/voan2/scoop/apps/gcc/13.2.0/bin/../lib/gcc/x86_64-w64-mingw32/13.2.0/../../../../x86_64-w64-mingw32/bin/ld.exe: C:\Users\voan2\AppData\Local\Temp\ccYdr4UR.o: in function `main':
C:/Users/voan2/Documents/GitHub/OpenGlassBox/SDL2-2.28.5/conftest.c:122:(.text.startup+0xa): undefined reference to `poll'
collect2.exe: error: ld returned 1 exit status
configure:19743: $? = 1
configure: failed program was:
| /* confdefs.h */
| #define PACKAGE_NAME ""
| #define PACKAGE_TARNAME ""
| #define PACKAGE_VERSION ""
| #define PACKAGE_STRING ""
| #define PACKAGE_BUGREPORT ""
| #define PACKAGE_URL ""
| #define HAVE_STDIO_H 1
| #define HAVE_STDLIB_H 1
| #define HAVE_STRING_H 1
| #define HAVE_INTTYPES_H 1
| #define HAVE_STDINT_H 1
| #define HAVE_STRINGS_H 1
| #define HAVE_SYS_STAT_H 1
| #define HAVE_SYS_TYPES_H 1
| #define HAVE_UNISTD_H 1
| #define STDC_HEADERS 1
| #define LT_OBJDIR ".libs/"
| #define _FILE_OFFSET_BITS 64
| #define HAVE_LIBC 1
| #define HAVE_SYS_TYPES_H 1
| #define HAVE_STDIO_H 1
| #define HAVE_STDLIB_H 1
| #define HAVE_STDDEF_H 1
| #define HAVE_STDARG_H 1
| #define HAVE_MALLOC_H 1
| #define HAVE_MEMORY_H 1
| #define HAVE_STRING_H 1
| #define HAVE_STRINGS_H 1
| #define HAVE_WCHAR_H 1
| #define HAVE_INTTYPES_H 1
| #define HAVE_STDINT_H 1
| #define HAVE_LIMITS_H 1
| #define HAVE_CTYPE_H 1
| #define HAVE_MATH_H 1
| #define HAVE_FLOAT_H 1
| #define HAVE_SIGNAL_H 1
| #define HAVE_M_PI /**/
| #define HAVE_ALLOCA 1
| #define HAVE_MALLOC 1
| #define HAVE_CALLOC 1
| #define HAVE_REALLOC 1
| #define HAVE_FREE 1
| #define HAVE_GETENV 1
| #define HAVE_PUTENV 1
| #define HAVE_BSEARCH 1
| #define HAVE_QSORT 1
| #define HAVE_ABS 1
| #define HAVE_MEMSET 1
| #define HAVE_MEMCMP 1
| #define HAVE_MEMCPY 1
| #define HAVE_MEMMOVE 1
| #define HAVE_WCSLEN 1
| #define HAVE__WCSDUP 1
| #define HAVE_WCSDUP 1
| #define HAVE_WCSSTR 1
| #define HAVE_WCSCMP 1
| #define HAVE_WCSNCMP 1
| #define HAVE__WCSICMP 1
| #define HAVE__WCSNICMP 1
| #define HAVE_STRLEN 1
| #define HAVE__STRREV 1
| #define HAVE__STRUPR 1
| #define HAVE__STRLWR 1
| #define HAVE_STRCHR 1
| #define HAVE_STRRCHR 1
| #define HAVE_STRSTR 1
| #define HAVE_STRTOK_R 1
| #define HAVE_ITOA 1
| #define HAVE__LTOA 1
| #define HAVE__ULTOA 1
| #define HAVE_STRTOD 1
| #define HAVE_STRTOL 1
| #define HAVE_STRTOUL 1
| #define HAVE__I64TOA 1
| #define HAVE__UI64TOA 1
| #define HAVE_STRTOLL 1
| #define HAVE_STRTOULL 1
| #define HAVE_ATOI 1
| #define HAVE_ATOF 1
| #define HAVE_STRCMP 1
| #define HAVE_STRNCMP 1
| #define HAVE__STRICMP 1
| #define HAVE_STRCASECMP 1
| #define HAVE__STRNICMP 1
| #define HAVE_STRNCASECMP 1
| #define HAVE_VSSCANF 1
| #define HAVE_VSNPRINTF 1
| #define HAVE_FOPEN64 1
| #define HAVE_FSEEKO 1
| #define HAVE_FSEEKO64 1
| #define HAVE_SETJMP 1
| #define HAVE_NANOSLEEP 1
| /* end confdefs.h.  */
| /* Define poll to an innocuous variant, in case <limits.h> declares poll.
|    For example, HP-UX 11i <limits.h> declares gettimeofday.  */
| #define poll innocuous_poll
| 
| /* System header to define __stub macros and hopefully few prototypes,
|    which can conflict with char poll (); below.  */
| 
| #include <limits.h>
| #undef poll
| 
| /* Override any GCC internal prototype to avoid an error.
|    Use char because int might match the return type of a GCC
|    builtin and then its argument prototype would still apply.  */
| #ifdef __cplusplus
| extern "C"
| #endif
| char poll ();
| /* The GNU C library defines this for functions which it implements
|     to always fail with ENOSYS.  Some functions are actually named
|     something starting with __ and the normal name is an alias.  */
| #if defined __stub_poll || defined __stub___poll
| choke me
| #endif
| 
| int
| main (void)
| {
| return poll ();
|   ;
|   return 0;
| }
configure:19743: result: no
configure:19749: checking for _Exit
configure:19749: gcc -o conftest.exe -g -O2 -I./include -idirafter ./src/video/khronos   -I./include -idirafter ./src/video/khronos   conftest.c  >&5
conftest.c:111:6: warning: conflicting types for built-in function '_Exit'; expected 'void(int)' [-Wbuiltin-declaration-mismatch]
  111 | char _Exit ();
      |      ^~~~~
conftest.c:103:1: note: '_Exit' is declared in header '<stdlib.h>'
  102 | #include <limits.h>
  103 | #undef _Exit
configure:19749: $? = 0
configure:19749: result: yes
configure:19757: checking for pow in -lm
configure:19780: gcc -o conftest.exe -g -O2 -I./include -idirafter ./src/video/khronos   -I./include -idirafter ./src/video/khronos   conftest.c -lm   >&5
conftest.c:100:6: warning: conflicting types for built-in function 'pow'; expected 'double(double,  double)' [-Wbuiltin-declaration-mismatch]
  100 | char pow ();
      |      ^~~
conftest.c:1:1: note: 'pow' is declared in header '<math.h>'
    1 | /* confdefs.h */
configure:19780: $? = 0
configure:19790: result: yes
configure:19797: checking for acos
configure:19797: gcc -o conftest.exe -g -O2 -I./include -idirafter ./src/video/khronos   -I./include -idirafter ./src/video/khronos   conftest.c  -lm >&5
conftest.c:112:6: warning: conflicting types for built-in function 'acos'; expected 'double(double)' [-Wbuiltin-declaration-mismatch]
  112 | char acos ();
      |      ^~~~
conftest.c:104:1: note: 'acos' is declared in header '<math.h>'
  103 | #include <limits.h>
  104 | #undef acos
configure:19797: $? = 0
configure:19797: result: yes
configure:19803: checking for acosf
configure:19803: gcc -o conftest.exe -g -O2 -I./include -idirafter ./src/video/khronos   -I./include -idirafter ./src/video/khronos   conftest.c  -lm >&5
conftest.c:113:6: warning: conflicting types for built-in function 'acosf'; expected 'float(float)' [-Wbuiltin-declaration-mismatch]
  113 | char acosf ();
      |      ^~~~~
conftest.c:105:1: note: 'acosf' is declared in header '<math.h>'
  104 | #include <limits.h>
  105 | #undef acosf
configure:19803: $? = 0
configure:19803: result: yes
configure:19809: checking for asin
configure:19809: gcc -o conftest.exe -g -O2 -I./include -idirafter ./src/video/khronos   -I./include -idirafter ./src/video/khronos   conftest.c  -lm >&5
conftest.c:114:6: warning: conflicting types for built-in function 'asin'; expected 'double(double)' [-Wbuiltin-declaration-mismatch]
  114 | char asin ();
      |      ^~~~
conftest.c:106:1: note: 'asin' is declared in header '<math.h>'
  105 | #include <limits.h>
  106 | #undef asin
configure:19809: $? = 0
configure:19809: result: yes
configure:19815: checking for asinf
configure:19815: gcc -o conftest.exe -g -O2 -I./include -idirafter ./src/video/khronos   -I./include -idirafter ./src/video/khronos   conftest.c  -lm >&5
conftest.c:115:6: warning: conflicting types for built-in function 'asinf'; expected 'float(float)' [-Wbuiltin-declaration-mismatch]
  115 | char asinf ();
      |      ^~~~~
conftest.c:107:1: note: 'asinf' is declared in header '<math.h>'
  106 | #include <limits.h>
  107 | #undef asinf
configure:19815: $? = 0
configure:19815: result: yes
configure:19821: checking for atan
configure:19821: gcc -o conftest.exe -g -O2 -I./include -idirafter ./src/video/khronos   -I./include -idirafter ./src/video/khronos   conftest.c  -lm >&5
conftest.c:116:6: warning: conflicting types for built-in function 'atan'; expected 'double(double)' [-Wbuiltin-declaration-mismatch]
  116 | char atan ();
      |      ^~~~
conftest.c:108:1: note: 'atan' is declared in header '<math.h>'
  107 | #include <limits.h>
  108 | #undef atan
configure:19821: $? = 0
configure:19821: result: yes
configure:19827: checking for atanf
configure:19827: gcc -o conftest.exe -g -O2 -I./include -idirafter ./src/video/khronos   -I./include -idirafter ./src/video/khronos   conftest.c  -lm >&5
conftest.c:117:6: warning: conflicting types for built-in function 'atanf'; expected 'float(float)' [-Wbuiltin-declaration-mismatch]
  117 | char atanf ();
      |      ^~~~~
conftest.c:109:1: note: 'atanf' is declared in header '<math.h>'
  108 | #include <limits.h>
  109 | #undef atanf
configure:19827: $? = 0
configure:19827: result: yes
configure:19833: checking for atan2
configure:19833: gcc -o conftest.exe -g -O2 -I./include -idirafter ./src/video/khronos   -I./include -idirafter ./src/video/khronos   conftest.c  -lm >&5
conftest.c:118:6: warning: conflicting types for built-in function 'atan2'; expected 'double(double,  double)' [-Wbuiltin-declaration-mismatch]
  118 | char atan2 ();
      |      ^~~~~
conftest.c:110:1: note: 'atan2' is declared in header '<math.h>'
  109 | #include <limits.h>
  110 | #undef atan2
configure:19833: $? = 0
configure:19833: result: yes
configure:19839: checking for atan2f
configure:19839: gcc -o conftest.exe -g -O2 -I./include -idirafter ./src/video/khronos   -I./include -idirafter ./src/video/khronos   conftest.c  -lm >&5
conftest.c:119:6: warning: conflicting types for built-in function 'atan2f'; expected 'float(float,  float)' [-Wbuiltin-declaration-mismatch]
  119 | char atan2f ();
      |      ^~~~~~
conftest.c:111:1: note: 'atan2f' is declared in header '<math.h>'
  110 | #include <limits.h>
  111 | #undef atan2f
configure:19839: $? = 0
configure:19839: result: yes
configure:19845: checking for ceil
configure:19845: gcc -o conftest.exe -g -O2 -I./include -idirafter ./src/video/khronos   -I./include -idirafter ./src/video/khronos   conftest.c  -lm >&5
conftest.c:120:6: warning: conflicting types for built-in function 'ceil'; expected 'double(double)' [-Wbuiltin-declaration-mismatch]
  120 | char ceil ();
      |      ^~~~
conftest.c:112:1: note: 'ceil' is declared in header '<math.h>'
  111 | #include <limits.h>
  112 | #undef ceil
configure:19845: $? = 0
configure:19845: result: yes
configure:19851: checking for ceilf
configure:19851: gcc -o conftest.exe -g -O2 -I./include -idirafter ./src/video/khronos   -I./include -idirafter ./src/video/khronos   conftest.c  -lm >&5
conftest.c:121:6: warning: conflicting types for built-in function 'ceilf'; expected 'float(float)' [-Wbuiltin-declaration-mismatch]
  121 | char ceilf ();
      |      ^~~~~
conftest.c:113:1: note: 'ceilf' is declared in header '<math.h>'
  112 | #include <limits.h>
  113 | #undef ceilf
configure:19851: $? = 0
configure:19851: result: yes
configure:19857: checking for copysign
configure:19857: gcc -o conftest.exe -g -O2 -I./include -idirafter ./src/video/khronos   -I./include -idirafter ./src/video/khronos   conftest.c  -lm >&5
conftest.c:122:6: warning: conflicting types for built-in function 'copysign'; expected 'double(double,  double)' [-Wbuiltin-declaration-mismatch]
  122 | char copysign ();
      |      ^~~~~~~~
conftest.c:114:1: note: 'copysign' is declared in header '<math.h>'
  113 | #include <limits.h>
  114 | #undef copysign
configure:19857: $? = 0
configure:19857: result: yes
configure:19863: checking for copysignf
configure:19863: gcc -o conftest.exe -g -O2 -I./include -idirafter ./src/video/khronos   -I./include -idirafter ./src/video/khronos   conftest.c  -lm >&5
conftest.c:123:6: warning: conflicting types for built-in function 'copysignf'; expected 'float(float,  float)' [-Wbuiltin-declaration-mismatch]
  123 | char copysignf ();
      |      ^~~~~~~~~
conftest.c:115:1: note: 'copysignf' is declared in header '<math.h>'
  114 | #include <limits.h>
  115 | #undef copysignf
configure:19863: $? = 0
configure:19863: result: yes
configure:19869: checking for cos
configure:19869: gcc -o conftest.exe -g -O2 -I./include -idirafter ./src/video/khronos   -I./include -idirafter ./src/video/khronos   conftest.c  -lm >&5
conftest.c:124:6: warning: conflicting types for built-in function 'cos'; expected 'double(double)' [-Wbuiltin-declaration-mismatch]
  124 | char cos ();
      |      ^~~
conftest.c:116:1: note: 'cos' is declared in header '<math.h>'
  115 | #include <limits.h>
  116 | #undef cos
configure:19869: $? = 0
configure:19869: result: yes
configure:19875: checking for cosf
configure:19875: gcc -o conftest.exe -g -O2 -I./include -idirafter ./src/video/khronos   -I./include -idirafter ./src/video/khronos   conftest.c  -lm >&5
conftest.c:125:6: warning: conflicting types for built-in function 'cosf'; expected 'float(float)' [-Wbuiltin-declaration-mismatch]
  125 | char cosf ();
      |      ^~~~
conftest.c:117:1: note: 'cosf' is declared in header '<math.h>'
  116 | #include <limits.h>
  117 | #undef cosf
configure:19875: $? = 0
configure:19875: result: yes
configure:19881: checking for exp
configure:19881: gcc -o conftest.exe -g -O2 -I./include -idirafter ./src/video/khronos   -I./include -idirafter ./src/video/khronos   conftest.c  -lm >&5
conftest.c:126:6: warning: conflicting types for built-in function 'exp'; expected 'double(double)' [-Wbuiltin-declaration-mismatch]
  126 | char exp ();
      |      ^~~
conftest.c:118:1: note: 'exp' is declared in header '<math.h>'
  117 | #include <limits.h>
  118 | #undef exp
configure:19881: $? = 0
configure:19881: result: yes
configure:19887: checking for expf
configure:19887: gcc -o conftest.exe -g -O2 -I./include -idirafter ./src/video/khronos   -I./include -idirafter ./src/video/khronos   conftest.c  -lm >&5
conftest.c:127:6: warning: conflicting types for built-in function 'expf'; expected 'float(float)' [-Wbuiltin-declaration-mismatch]
  127 | char expf ();
      |      ^~~~
conftest.c:119:1: note: 'expf' is declared in header '<math.h>'
  118 | #include <limits.h>
  119 | #undef expf
configure:19887: $? = 0
configure:19887: result: yes
configure:19893: checking for fabs
configure:19893: gcc -o conftest.exe -g -O2 -I./include -idirafter ./src/video/khronos   -I./include -idirafter ./src/video/khronos   conftest.c  -lm >&5
conftest.c:128:6: warning: conflicting types for built-in function 'fabs'; expected 'double(double)' [-Wbuiltin-declaration-mismatch]
  128 | char fabs ();
      |      ^~~~
conftest.c:120:1: note: 'fabs' is declared in header '<math.h>'
  119 | #include <limits.h>
  120 | #undef fabs
configure:19893: $? = 0
configure:19893: result: yes
configure:19899: checking for fabsf
configure:19899: gcc -o conftest.exe -g -O2 -I./include -idirafter ./src/video/khronos   -I./include -idirafter ./src/video/khronos   conftest.c  -lm >&5
conftest.c:129:6: warning: conflicting types for built-in function 'fabsf'; expected 'float(float)' [-Wbuiltin-declaration-mismatch]
  129 | char fabsf ();
      |      ^~~~~
conftest.c:121:1: note: 'fabsf' is declared in header '<math.h>'
  120 | #include <limits.h>
  121 | #undef fabsf
configure:19899: $? = 0
configure:19899: result: yes
configure:19905: checking for floor
configure:19905: gcc -o conftest.exe -g -O2 -I./include -idirafter ./src/video/khronos   -I./include -idirafter ./src/video/khronos   conftest.c  -lm >&5
conftest.c:130:6: warning: conflicting types for built-in function 'floor'; expected 'double(double)' [-Wbuiltin-declaration-mismatch]
  130 | char floor ();
      |      ^~~~~
conftest.c:122:1: note: 'floor' is declared in header '<math.h>'
  121 | #include <limits.h>
  122 | #undef floor
configure:19905: $? = 0
configure:19905: result: yes
configure:19911: checking for floorf
configure:19911: gcc -o conftest.exe -g -O2 -I./include -idirafter ./src/video/khronos   -I./include -idirafter ./src/video/khronos   conftest.c  -lm >&5
conftest.c:131:6: warning: conflicting types for built-in function 'floorf'; expected 'float(float)' [-Wbuiltin-declaration-mismatch]
  131 | char floorf ();
      |      ^~~~~~
conftest.c:123:1: note: 'floorf' is declared in header '<math.h>'
  122 | #include <limits.h>
  123 | #undef floorf
configure:19911: $? = 0
configure:19911: result: yes
configure:19917: checking for trunc
configure:19917: gcc -o conftest.exe -g -O2 -I./include -idirafter ./src/video/khronos   -I./include -idirafter ./src/video/khronos   conftest.c  -lm >&5
conftest.c:132:6: warning: conflicting types for built-in function 'trunc'; expected 'double(double)' [-Wbuiltin-declaration-mismatch]
  132 | char trunc ();
      |      ^~~~~
conftest.c:124:1: note: 'trunc' is declared in header '<math.h>'
  123 | #include <limits.h>
  124 | #undef trunc
configure:19917: $? = 0
configure:19917: result: yes
configure:19923: checking for truncf
configure:19923: gcc -o conftest.exe -g -O2 -I./include -idirafter ./src/video/khronos   -I./include -idirafter ./src/video/khronos   conftest.c  -lm >&5
conftest.c:133:6: warning: conflicting types for built-in function 'truncf'; expected 'float(float)' [-Wbuiltin-declaration-mismatch]
  133 | char truncf ();
      |      ^~~~~~
conftest.c:125:1: note: 'truncf' is declared in header '<math.h>'
  124 | #include <limits.h>
  125 | #undef truncf
configure:19923: $? = 0
configure:19923: result: yes
configure:19929: checking for fmod
configure:19929: gcc -o conftest.exe -g -O2 -I./include -idirafter ./src/video/khronos   -I./include -idirafter ./src/video/khronos   conftest.c  -lm >&5
conftest.c:134:6: warning: conflicting types for built-in function 'fmod'; expected 'double(double,  double)' [-Wbuiltin-declaration-mismatch]
  134 | char fmod ();
      |      ^~~~
conftest.c:126:1: note: 'fmod' is declared in header '<math.h>'
  125 | #include <limits.h>
  126 | #undef fmod
configure:19929: $? = 0
configure:19929: result: yes
configure:19935: checking for fmodf
configure:19935: gcc -o conftest.exe -g -O2 -I./include -idirafter ./src/video/khronos   -I./include -idirafter ./src/video/khronos   conftest.c  -lm >&5
conftest.c:135:6: warning: conflicting types for built-in function 'fmodf'; expected 'float(float,  float)' [-Wbuiltin-declaration-mismatch]
  135 | char fmodf ();
      |      ^~~~~
conftest.c:127:1: note: 'fmodf' is declared in header '<math.h>'
  126 | #include <limits.h>
  127 | #undef fmodf
configure:19935: $? = 0
configure:19935: result: yes
configure:19941: checking for log
configure:19941: gcc -o conftest.exe -g -O2 -I./include -idirafter ./src/video/khronos   -I./include -idirafter ./src/video/khronos   conftest.c  -lm >&5
conftest.c:136:6: warning: conflicting types for built-in function 'log'; expected 'double(double)' [-Wbuiltin-declaration-mismatch]
  136 | char log ();
      |      ^~~
conftest.c:128:1: note: 'log' is declared in header '<math.h>'
  127 | #include <limits.h>
  128 | #undef log
configure:19941: $? = 0
configure:19941: result: yes
configure:19947: checking for logf
configure:19947: gcc -o conftest.exe -g -O2 -I./include -idirafter ./src/video/khronos   -I./include -idirafter ./src/video/khronos   conftest.c  -lm >&5
conftest.c:137:6: warning: conflicting types for built-in function 'logf'; expected 'float(float)' [-Wbuiltin-declaration-mismatch]
  137 | char logf ();
      |      ^~~~
conftest.c:129:1: note: 'logf' is declared in header '<math.h>'
  128 | #include <limits.h>
  129 | #undef logf
configure:19947: $? = 0
configure:19947: result: yes
configure:19953: checking for log10
configure:19953: gcc -o conftest.exe -g -O2 -I./include -idirafter ./src/video/khronos   -I./include -idirafter ./src/video/khronos   conftest.c  -lm >&5
conftest.c:138:6: warning: conflicting types for built-in function 'log10'; expected 'double(double)' [-Wbuiltin-declaration-mismatch]
  138 | char log10 ();
      |      ^~~~~
conftest.c:130:1: note: 'log10' is declared in header '<math.h>'
  129 | #include <limits.h>
  130 | #undef log10
configure:19953: $? = 0
configure:19953: result: yes
configure:19959: checking for log10f
configure:19959: gcc -o conftest.exe -g -O2 -I./include -idirafter ./src/video/khronos   -I./include -idirafter ./src/video/khronos   conftest.c  -lm >&5
conftest.c:139:6: warning: conflicting types for built-in function 'log10f'; expected 'float(float)' [-Wbuiltin-declaration-mismatch]
  139 | char log10f ();
      |      ^~~~~~
conftest.c:131:1: note: 'log10f' is declared in header '<math.h>'
  130 | #include <limits.h>
  131 | #undef log10f
configure:19959: $? = 0
configure:19959: result: yes
configure:19965: checking for lround
configure:19965: gcc -o conftest.exe -g -O2 -I./include -idirafter ./src/video/khronos   -I./include -idirafter ./src/video/khronos   conftest.c  -lm >&5
conftest.c:140:6: warning: conflicting types for built-in function 'lround'; expected 'long int(double)' [-Wbuiltin-declaration-mismatch]
  140 | char lround ();
      |      ^~~~~~
conftest.c:132:1: note: 'lround' is declared in header '<math.h>'
  131 | #include <limits.h>
  132 | #undef lround
configure:19965: $? = 0
configure:19965: result: yes
configure:19971: checking for lroundf
configure:19971: gcc -o conftest.exe -g -O2 -I./include -idirafter ./src/video/khronos   -I./include -idirafter ./src/video/khronos   conftest.c  -lm >&5
conftest.c:141:6: warning: conflicting types for built-in function 'lroundf'; expected 'long int(float)' [-Wbuiltin-declaration-mismatch]
  141 | char lroundf ();
      |      ^~~~~~~
conftest.c:133:1: note: 'lroundf' is declared in header '<math.h>'
  132 | #include <limits.h>
  133 | #undef lroundf
configure:19971: $? = 0
configure:19971: result: yes
configure:19977: checking for pow
configure:19977: gcc -o conftest.exe -g -O2 -I./include -idirafter ./src/video/khronos   -I./include -idirafter ./src/video/khronos   conftest.c  -lm >&5
conftest.c:142:6: warning: conflicting types for built-in function 'pow'; expected 'double(double,  double)' [-Wbuiltin-declaration-mismatch]
  142 | char pow ();
      |      ^~~
conftest.c:134:1: note: 'pow' is declared in header '<math.h>'
  133 | #include <limits.h>
  134 | #undef pow
configure:19977: $? = 0
configure:19977: result: yes
configure:19983: checking for powf
configure:19983: gcc -o conftest.exe -g -O2 -I./include -idirafter ./src/video/khronos   -I./include -idirafter ./src/video/khronos   conftest.c  -lm >&5
conftest.c:143:6: warning: conflicting types for built-in function 'powf'; expected 'float(float,  float)' [-Wbuiltin-declaration-mismatch]
  143 | char powf ();
      |      ^~~~
conftest.c:135:1: note: 'powf' is declared in header '<math.h>'
  134 | #include <limits.h>
  135 | #undef powf
configure:19983: $? = 0
configure:19983: result: yes
configure:19989: checking for round
configure:19989: gcc -o conftest.exe -g -O2 -I./include -idirafter ./src/video/khronos   -I./include -idirafter ./src/video/khronos   conftest.c  -lm >&5
conftest.c:144:6: warning: conflicting types for built-in function 'round'; expected 'double(double)' [-Wbuiltin-declaration-mismatch]
  144 | char round ();
      |      ^~~~~
conftest.c:136:1: note: 'round' is declared in header '<math.h>'
  135 | #include <limits.h>
  136 | #undef round
configure:19989: $? = 0
configure:19989: result: yes
configure:19995: checking for roundf
configure:19995: gcc -o conftest.exe -g -O2 -I./include -idirafter ./src/video/khronos   -I./include -idirafter ./src/video/khronos   conftest.c  -lm >&5
conftest.c:145:6: warning: conflicting types for built-in function 'roundf'; expected 'float(float)' [-Wbuiltin-declaration-mismatch]
  145 | char roundf ();
      |      ^~~~~~
conftest.c:137:1: note: 'roundf' is declared in header '<math.h>'
  136 | #include <limits.h>
  137 | #undef roundf
configure:19995: $? = 0
configure:19995: result: yes
configure:20001: checking for scalbn
configure:20001: gcc -o conftest.exe -g -O2 -I./include -idirafter ./src/video/khronos   -I./include -idirafter ./src/video/khronos   conftest.c  -lm >&5
conftest.c:146:6: warning: conflicting types for built-in function 'scalbn'; expected 'double(double,  int)' [-Wbuiltin-declaration-mismatch]
  146 | char scalbn ();
      |      ^~~~~~
conftest.c:138:1: note: 'scalbn' is declared in header '<math.h>'
  137 | #include <limits.h>
  138 | #undef scalbn
configure:20001: $? = 0
configure:20001: result: yes
configure:20007: checking for scalbnf
configure:20007: gcc -o conftest.exe -g -O2 -I./include -idirafter ./src/video/khronos   -I./include -idirafter ./src/video/khronos   conftest.c  -lm >&5
conftest.c:147:6: warning: conflicting types for built-in function 'scalbnf'; expected 'float(float,  int)' [-Wbuiltin-declaration-mismatch]
  147 | char scalbnf ();
      |      ^~~~~~~
conftest.c:139:1: note: 'scalbnf' is declared in header '<math.h>'
  138 | #include <limits.h>
  139 | #undef scalbnf
configure:20007: $? = 0
configure:20007: result: yes
configure:20013: checking for sin
configure:20013: gcc -o conftest.exe -g -O2 -I./include -idirafter ./src/video/khronos   -I./include -idirafter ./src/video/khronos   conftest.c  -lm >&5
conftest.c:148:6: warning: conflicting types for built-in function 'sin'; expected 'double(double)' [-Wbuiltin-declaration-mismatch]
  148 | char sin ();
      |      ^~~
conftest.c:140:1: note: 'sin' is declared in header '<math.h>'
  139 | #include <limits.h>
  140 | #undef sin
configure:20013: $? = 0
configure:20013: result: yes
configure:20019: checking for sinf
configure:20019: gcc -o conftest.exe -g -O2 -I./include -idirafter ./src/video/khronos   -I./include -idirafter ./src/video/khronos   conftest.c  -lm >&5
conftest.c:149:6: warning: conflicting types for built-in function 'sinf'; expected 'float(float)' [-Wbuiltin-declaration-mismatch]
  149 | char sinf ();
      |      ^~~~
conftest.c:141:1: note: 'sinf' is declared in header '<math.h>'
  140 | #include <limits.h>
  141 | #undef sinf
configure:20019: $? = 0
configure:20019: result: yes
configure:20025: checking for sqrt
configure:20025: gcc -o conftest.exe -g -O2 -I./include -idirafter ./src/video/khronos   -I./include -idirafter ./src/video/khronos   conftest.c  -lm >&5
conftest.c:150:6: warning: conflicting types for built-in function 'sqrt'; expected 'double(double)' [-Wbuiltin-declaration-mismatch]
  150 | char sqrt ();
      |      ^~~~
conftest.c:142:1: note: 'sqrt' is declared in header '<math.h>'
  141 | #include <limits.h>
  142 | #undef sqrt
configure:20025: $? = 0
configure:20025: result: yes
configure:20031: checking for sqrtf
configure:20031: gcc -o conftest.exe -g -O2 -I./include -idirafter ./src/video/khronos   -I./include -idirafter ./src/video/khronos   conftest.c  -lm >&5
conftest.c:151:6: warning: conflicting types for built-in function 'sqrtf'; expected 'float(float)' [-Wbuiltin-declaration-mismatch]
  151 | char sqrtf ();
      |      ^~~~~
conftest.c:143:1: note: 'sqrtf' is declared in header '<math.h>'
  142 | #include <limits.h>
  143 | #undef sqrtf
configure:20031: $? = 0
configure:20031: result: yes
configure:20037: checking for tan
configure:20037: gcc -o conftest.exe -g -O2 -I./include -idirafter ./src/video/khronos   -I./include -idirafter ./src/video/khronos   conftest.c  -lm >&5
conftest.c:152:6: warning: conflicting types for built-in function 'tan'; expected 'double(double)' [-Wbuiltin-declaration-mismatch]
  152 | char tan ();
      |      ^~~
conftest.c:144:1: note: 'tan' is declared in header '<math.h>'
  143 | #include <limits.h>
  144 | #undef tan
configure:20037: $? = 0
configure:20037: result: yes
configure:20043: checking for tanf
configure:20043: gcc -o conftest.exe -g -O2 -I./include -idirafter ./src/video/khronos   -I./include -idirafter ./src/video/khronos   conftest.c  -lm >&5
conftest.c:153:6: warning: conflicting types for built-in function 'tanf'; expected 'float(float)' [-Wbuiltin-declaration-mismatch]
  153 | char tanf ();
      |      ^~~~
conftest.c:145:1: note: 'tanf' is declared in header '<math.h>'
  144 | #include <limits.h>
  145 | #undef tanf
configure:20043: $? = 0
configure:20043: result: yes
configure:20052: checking for iconv_open in -liconv
configure:20075: gcc -o conftest.exe -g -O2 -I./include -idirafter ./src/video/khronos   -I./include -idirafter ./src/video/khronos   conftest.c -liconv   -lm >&5
C:/Users/voan2/scoop/apps/gcc/13.2.0/bin/../lib/gcc/x86_64-w64-mingw32/13.2.0/../../../../x86_64-w64-mingw32/bin/ld.exe: cannot find -liconv: No such file or directory
collect2.exe: error: ld returned 1 exit status
configure:20075: $? = 1
configure: failed program was:
| /* confdefs.h */
| #define PACKAGE_NAME ""
| #define PACKAGE_TARNAME ""
| #define PACKAGE_VERSION ""
| #define PACKAGE_STRING ""
| #define PACKAGE_BUGREPORT ""
| #define PACKAGE_URL ""
| #define HAVE_STDIO_H 1
| #define HAVE_STDLIB_H 1
| #define HAVE_STRING_H 1
| #define HAVE_INTTYPES_H 1
| #define HAVE_STDINT_H 1
| #define HAVE_STRINGS_H 1
| #define HAVE_SYS_STAT_H 1
| #define HAVE_SYS_TYPES_H 1
| #define HAVE_UNISTD_H 1
| #define STDC_HEADERS 1
| #define LT_OBJDIR ".libs/"
| #define _FILE_OFFSET_BITS 64
| #define HAVE_LIBC 1
| #define HAVE_SYS_TYPES_H 1
| #define HAVE_STDIO_H 1
| #define HAVE_STDLIB_H 1
| #define HAVE_STDDEF_H 1
| #define HAVE_STDARG_H 1
| #define HAVE_MALLOC_H 1
| #define HAVE_MEMORY_H 1
| #define HAVE_STRING_H 1
| #define HAVE_STRINGS_H 1
| #define HAVE_WCHAR_H 1
| #define HAVE_INTTYPES_H 1
| #define HAVE_STDINT_H 1
| #define HAVE_LIMITS_H 1
| #define HAVE_CTYPE_H 1
| #define HAVE_MATH_H 1
| #define HAVE_FLOAT_H 1
| #define HAVE_SIGNAL_H 1
| #define HAVE_M_PI /**/
| #define HAVE_ALLOCA 1
| #define HAVE_MALLOC 1
| #define HAVE_CALLOC 1
| #define HAVE_REALLOC 1
| #define HAVE_FREE 1
| #define HAVE_GETENV 1
| #define HAVE_PUTENV 1
| #define HAVE_BSEARCH 1
| #define HAVE_QSORT 1
| #define HAVE_ABS 1
| #define HAVE_MEMSET 1
| #define HAVE_MEMCMP 1
| #define HAVE_MEMCPY 1
| #define HAVE_MEMMOVE 1
| #define HAVE_WCSLEN 1
| #define HAVE__WCSDUP 1
| #define HAVE_WCSDUP 1
| #define HAVE_WCSSTR 1
| #define HAVE_WCSCMP 1
| #define HAVE_WCSNCMP 1
| #define HAVE__WCSICMP 1
| #define HAVE__WCSNICMP 1
| #define HAVE_STRLEN 1
| #define HAVE__STRREV 1
| #define HAVE__STRUPR 1
| #define HAVE__STRLWR 1
| #define HAVE_STRCHR 1
| #define HAVE_STRRCHR 1
| #define HAVE_STRSTR 1
| #define HAVE_STRTOK_R 1
| #define HAVE_ITOA 1
| #define HAVE__LTOA 1
| #define HAVE__ULTOA 1
| #define HAVE_STRTOD 1
| #define HAVE_STRTOL 1
| #define HAVE_STRTOUL 1
| #define HAVE__I64TOA 1
| #define HAVE__UI64TOA 1
| #define HAVE_STRTOLL 1
| #define HAVE_STRTOULL 1
| #define HAVE_ATOI 1
| #define HAVE_ATOF 1
| #define HAVE_STRCMP 1
| #define HAVE_STRNCMP 1
| #define HAVE__STRICMP 1
| #define HAVE_STRCASECMP 1
| #define HAVE__STRNICMP 1
| #define HAVE_STRNCASECMP 1
| #define HAVE_VSSCANF 1
| #define HAVE_VSNPRINTF 1
| #define HAVE_FOPEN64 1
| #define HAVE_FSEEKO 1
| #define HAVE_FSEEKO64 1
| #define HAVE_SETJMP 1
| #define HAVE_NANOSLEEP 1
| #define HAVE__EXIT 1
| #define HAVE_ACOS 1
| #define HAVE_ACOSF 1
| #define HAVE_ASIN 1
| #define HAVE_ASINF 1
| #define HAVE_ATAN 1
| #define HAVE_ATANF 1
| #define HAVE_ATAN2 1
| #define HAVE_ATAN2F 1
| #define HAVE_CEIL 1
| #define HAVE_CEILF 1
| #define HAVE_COPYSIGN 1
| #define HAVE_COPYSIGNF 1
| #define HAVE_COS 1
| #define HAVE_COSF 1
| #define HAVE_EXP 1
| #define HAVE_EXPF 1
| #define HAVE_FABS 1
| #define HAVE_FABSF 1
| #define HAVE_FLOOR 1
| #define HAVE_FLOORF 1
| #define HAVE_TRUNC 1
| #define HAVE_TRUNCF 1
| #define HAVE_FMOD 1
| #define HAVE_FMODF 1
| #define HAVE_LOG 1
| #define HAVE_LOGF 1
| #define HAVE_LOG10 1
| #define HAVE_LOG10F 1
| #define HAVE_LROUND 1
| #define HAVE_LROUNDF 1
| #define HAVE_POW 1
| #define HAVE_POWF 1
| #define HAVE_ROUND 1
| #define HAVE_ROUNDF 1
| #define HAVE_SCALBN 1
| #define HAVE_SCALBNF 1
| #define HAVE_SIN 1
| #define HAVE_SINF 1
| #define HAVE_SQRT 1
| #define HAVE_SQRTF 1
| #define HAVE_TAN 1
| #define HAVE_TANF 1
| /* end confdefs.h.  */
| 
| /* Override any GCC internal prototype to avoid an error.
|    Use char because int might match the return type of a GCC
|    builtin and then its argument prototype would still apply.  */
| char iconv_open ();
| int
| main (void)
| {
| return iconv_open ();
|   ;
|   return 0;
| }
configure:20085: result: no
configure:20092: checking for iconv
configure:20092: gcc -o conftest.exe -g -O2 -I./include -idirafter ./src/video/khronos   -I./include -idirafter ./src/video/khronos   conftest.c  -lm >&5
C:/Users/voan2/scoop/apps/gcc/13.2.0/bin/../lib/gcc/x86_64-w64-mingw32/13.2.0/../../../../x86_64-w64-mingw32/bin/ld.exe: C:\Users\voan2\AppData\Local\Temp\ccwjWD4T.o: in function `main':
C:/Users/voan2/Documents/GitHub/OpenGlassBox/SDL2-2.28.5/conftest.c:165:(.text.startup+0xa): undefined reference to `iconv'
collect2.exe: error: ld returned 1 exit status
configure:20092: $? = 1
configure: failed program was:
| /* confdefs.h */
| #define PACKAGE_NAME ""
| #define PACKAGE_TARNAME ""
| #define PACKAGE_VERSION ""
| #define PACKAGE_STRING ""
| #define PACKAGE_BUGREPORT ""
| #define PACKAGE_URL ""
| #define HAVE_STDIO_H 1
| #define HAVE_STDLIB_H 1
| #define HAVE_STRING_H 1
| #define HAVE_INTTYPES_H 1
| #define HAVE_STDINT_H 1
| #define HAVE_STRINGS_H 1
| #define HAVE_SYS_STAT_H 1
| #define HAVE_SYS_TYPES_H 1
| #define HAVE_UNISTD_H 1
| #define STDC_HEADERS 1
| #define LT_OBJDIR ".libs/"
| #define _FILE_OFFSET_BITS 64
| #define HAVE_LIBC 1
| #define HAVE_SYS_TYPES_H 1
| #define HAVE_STDIO_H 1
| #define HAVE_STDLIB_H 1
| #define HAVE_STDDEF_H 1
| #define HAVE_STDARG_H 1
| #define HAVE_MALLOC_H 1
| #define HAVE_MEMORY_H 1
| #define HAVE_STRING_H 1
| #define HAVE_STRINGS_H 1
| #define HAVE_WCHAR_H 1
| #define HAVE_INTTYPES_H 1
| #define HAVE_STDINT_H 1
| #define HAVE_LIMITS_H 1
| #define HAVE_CTYPE_H 1
| #define HAVE_MATH_H 1
| #define HAVE_FLOAT_H 1
| #define HAVE_SIGNAL_H 1
| #define HAVE_M_PI /**/
| #define HAVE_ALLOCA 1
| #define HAVE_MALLOC 1
| #define HAVE_CALLOC 1
| #define HAVE_REALLOC 1
| #define HAVE_FREE 1
| #define HAVE_GETENV 1
| #define HAVE_PUTENV 1
| #define HAVE_BSEARCH 1
| #define HAVE_QSORT 1
| #define HAVE_ABS 1
| #define HAVE_MEMSET 1
| #define HAVE_MEMCMP 1
| #define HAVE_MEMCPY 1
| #define HAVE_MEMMOVE 1
| #define HAVE_WCSLEN 1
| #define HAVE__WCSDUP 1
| #define HAVE_WCSDUP 1
| #define HAVE_WCSSTR 1
| #define HAVE_WCSCMP 1
| #define HAVE_WCSNCMP 1
| #define HAVE__WCSICMP 1
| #define HAVE__WCSNICMP 1
| #define HAVE_STRLEN 1
| #define HAVE__STRREV 1
| #define HAVE__STRUPR 1
| #define HAVE__STRLWR 1
| #define HAVE_STRCHR 1
| #define HAVE_STRRCHR 1
| #define HAVE_STRSTR 1
| #define HAVE_STRTOK_R 1
| #define HAVE_ITOA 1
| #define HAVE__LTOA 1
| #define HAVE__ULTOA 1
| #define HAVE_STRTOD 1
| #define HAVE_STRTOL 1
| #define HAVE_STRTOUL 1
| #define HAVE__I64TOA 1
| #define HAVE__UI64TOA 1
| #define HAVE_STRTOLL 1
| #define HAVE_STRTOULL 1
| #define HAVE_ATOI 1
| #define HAVE_ATOF 1
| #define HAVE_STRCMP 1
| #define HAVE_STRNCMP 1
| #define HAVE__STRICMP 1
| #define HAVE_STRCASECMP 1
| #define HAVE__STRNICMP 1
| #define HAVE_STRNCASECMP 1
| #define HAVE_VSSCANF 1
| #define HAVE_VSNPRINTF 1
| #define HAVE_FOPEN64 1
| #define HAVE_FSEEKO 1
| #define HAVE_FSEEKO64 1
| #define HAVE_SETJMP 1
| #define HAVE_NANOSLEEP 1
| #define HAVE__EXIT 1
| #define HAVE_ACOS 1
| #define HAVE_ACOSF 1
| #define HAVE_ASIN 1
| #define HAVE_ASINF 1
| #define HAVE_ATAN 1
| #define HAVE_ATANF 1
| #define HAVE_ATAN2 1
| #define HAVE_ATAN2F 1
| #define HAVE_CEIL 1
| #define HAVE_CEILF 1
| #define HAVE_COPYSIGN 1
| #define HAVE_COPYSIGNF 1
| #define HAVE_COS 1
| #define HAVE_COSF 1
| #define HAVE_EXP 1
| #define HAVE_EXPF 1
| #define HAVE_FABS 1
| #define HAVE_FABSF 1
| #define HAVE_FLOOR 1
| #define HAVE_FLOORF 1
| #define HAVE_TRUNC 1
| #define HAVE_TRUNCF 1
| #define HAVE_FMOD 1
| #define HAVE_FMODF 1
| #define HAVE_LOG 1
| #define HAVE_LOGF 1
| #define HAVE_LOG10 1
| #define HAVE_LOG10F 1
| #define HAVE_LROUND 1
| #define HAVE_LROUNDF 1
| #define HAVE_POW 1
| #define HAVE_POWF 1
| #define HAVE_ROUND 1
| #define HAVE_ROUNDF 1
| #define HAVE_SCALBN 1
| #define HAVE_SCALBNF 1
| #define HAVE_SIN 1
| #define HAVE_SINF 1
| #define HAVE_SQRT 1
| #define HAVE_SQRTF 1
| #define HAVE_TAN 1
| #define HAVE_TANF 1
| /* end confdefs.h.  */
| /* Define iconv to an innocuous variant, in case <limits.h> declares iconv.
|    For example, HP-UX 11i <limits.h> declares gettimeofday.  */
| #define iconv innocuous_iconv
| 
| /* System header to define __stub macros and hopefully few prototypes,
|    which can conflict with char iconv (); below.  */
| 
| #include <limits.h>
| #undef iconv
| 
| /* Override any GCC internal prototype to avoid an error.
|    Use char because int might match the return type of a GCC
|    builtin and then its argument prototype would still apply.  */
| #ifdef __cplusplus
| extern "C"
| #endif
| char iconv ();
| /* The GNU C library defines this for functions which it implements
|     to always fail with ENOSYS.  Some functions are actually named
|     something starting with __ and the normal name is an alias.  */
| #if defined __stub_iconv || defined __stub___iconv
| choke me
| #endif
| 
| int
| main (void)
| {
| return iconv ();
|   ;
|   return 0;
| }
configure:20092: result: no
configure:20101: checking for struct sigaction.sa_sigaction
configure:20101: gcc -c -g -O2 -I./include -idirafter ./src/video/khronos   -I./include -idirafter ./src/video/khronos  conftest.c >&5
conftest.c: In function 'main':
conftest.c:143:25: error: storage size of 'ac_aggr' isn't known
  143 | static struct sigaction ac_aggr;
      |                         ^~~~~~~
configure:20101: $? = 1
configure: failed program was:
| /* confdefs.h */
| #define PACKAGE_NAME ""
| #define PACKAGE_TARNAME ""
| #define PACKAGE_VERSION ""
| #define PACKAGE_STRING ""
| #define PACKAGE_BUGREPORT ""
| #define PACKAGE_URL ""
| #define HAVE_STDIO_H 1
| #define HAVE_STDLIB_H 1
| #define HAVE_STRING_H 1
| #define HAVE_INTTYPES_H 1
| #define HAVE_STDINT_H 1
| #define HAVE_STRINGS_H 1
| #define HAVE_SYS_STAT_H 1
| #define HAVE_SYS_TYPES_H 1
| #define HAVE_UNISTD_H 1
| #define STDC_HEADERS 1
| #define LT_OBJDIR ".libs/"
| #define _FILE_OFFSET_BITS 64
| #define HAVE_LIBC 1
| #define HAVE_SYS_TYPES_H 1
| #define HAVE_STDIO_H 1
| #define HAVE_STDLIB_H 1
| #define HAVE_STDDEF_H 1
| #define HAVE_STDARG_H 1
| #define HAVE_MALLOC_H 1
| #define HAVE_MEMORY_H 1
| #define HAVE_STRING_H 1
| #define HAVE_STRINGS_H 1
| #define HAVE_WCHAR_H 1
| #define HAVE_INTTYPES_H 1
| #define HAVE_STDINT_H 1
| #define HAVE_LIMITS_H 1
| #define HAVE_CTYPE_H 1
| #define HAVE_MATH_H 1
| #define HAVE_FLOAT_H 1
| #define HAVE_SIGNAL_H 1
| #define HAVE_M_PI /**/
| #define HAVE_ALLOCA 1
| #define HAVE_MALLOC 1
| #define HAVE_CALLOC 1
| #define HAVE_REALLOC 1
| #define HAVE_FREE 1
| #define HAVE_GETENV 1
| #define HAVE_PUTENV 1
| #define HAVE_BSEARCH 1
| #define HAVE_QSORT 1
| #define HAVE_ABS 1
| #define HAVE_MEMSET 1
| #define HAVE_MEMCMP 1
| #define HAVE_MEMCPY 1
| #define HAVE_MEMMOVE 1
| #define HAVE_WCSLEN 1
| #define HAVE__WCSDUP 1
| #define HAVE_WCSDUP 1
| #define HAVE_WCSSTR 1
| #define HAVE_WCSCMP 1
| #define HAVE_WCSNCMP 1
| #define HAVE__WCSICMP 1
| #define HAVE__WCSNICMP 1
| #define HAVE_STRLEN 1
| #define HAVE__STRREV 1
| #define HAVE__STRUPR 1
| #define HAVE__STRLWR 1
| #define HAVE_STRCHR 1
| #define HAVE_STRRCHR 1
| #define HAVE_STRSTR 1
| #define HAVE_STRTOK_R 1
| #define HAVE_ITOA 1
| #define HAVE__LTOA 1
| #define HAVE__ULTOA 1
| #define HAVE_STRTOD 1
| #define HAVE_STRTOL 1
| #define HAVE_STRTOUL 1
| #define HAVE__I64TOA 1
| #define HAVE__UI64TOA 1
| #define HAVE_STRTOLL 1
| #define HAVE_STRTOULL 1
| #define HAVE_ATOI 1
| #define HAVE_ATOF 1
| #define HAVE_STRCMP 1
| #define HAVE_STRNCMP 1
| #define HAVE__STRICMP 1
| #define HAVE_STRCASECMP 1
| #define HAVE__STRNICMP 1
| #define HAVE_STRNCASECMP 1
| #define HAVE_VSSCANF 1
| #define HAVE_VSNPRINTF 1
| #define HAVE_FOPEN64 1
| #define HAVE_FSEEKO 1
| #define HAVE_FSEEKO64 1
| #define HAVE_SETJMP 1
| #define HAVE_NANOSLEEP 1
| #define HAVE__EXIT 1
| #define HAVE_ACOS 1
| #define HAVE_ACOSF 1
| #define HAVE_ASIN 1
| #define HAVE_ASINF 1
| #define HAVE_ATAN 1
| #define HAVE_ATANF 1
| #define HAVE_ATAN2 1
| #define HAVE_ATAN2F 1
| #define HAVE_CEIL 1
| #define HAVE_CEILF 1
| #define HAVE_COPYSIGN 1
| #define HAVE_COPYSIGNF 1
| #define HAVE_COS 1
| #define HAVE_COSF 1
| #define HAVE_EXP 1
| #define HAVE_EXPF 1
| #define HAVE_FABS 1
| #define HAVE_FABSF 1
| #define HAVE_FLOOR 1
| #define HAVE_FLOORF 1
| #define HAVE_TRUNC 1
| #define HAVE_TRUNCF 1
| #define HAVE_FMOD 1
| #define HAVE_FMODF 1
| #define HAVE_LOG 1
| #define HAVE_LOGF 1
| #define HAVE_LOG10 1
| #define HAVE_LOG10F 1
| #define HAVE_LROUND 1
| #define HAVE_LROUNDF 1
| #define HAVE_POW 1
| #define HAVE_POWF 1
| #define HAVE_ROUND 1
| #define HAVE_ROUNDF 1
| #define HAVE_SCALBN 1
| #define HAVE_SCALBNF 1
| #define HAVE_SIN 1
| #define HAVE_SINF 1
| #define HAVE_SQRT 1
| #define HAVE_SQRTF 1
| #define HAVE_TAN 1
| #define HAVE_TANF 1
| /* end confdefs.h.  */
| #include <signal.h>
| 
| int
| main (void)
| {
| static struct sigaction ac_aggr;
| if (ac_aggr.sa_sigaction)
| return 0;
|   ;
|   return 0;
| }
configure:20101: gcc -c -g -O2 -I./include -idirafter ./src/video/khronos   -I./include -idirafter ./src/video/khronos  conftest.c >&5
conftest.c: In function 'main':
conftest.c:143:25: error: storage size of 'ac_aggr' isn't known
  143 | static struct sigaction ac_aggr;
      |                         ^~~~~~~
configure:20101: $? = 1
configure: failed program was:
| /* confdefs.h */
| #define PACKAGE_NAME ""
| #define PACKAGE_TARNAME ""
| #define PACKAGE_VERSION ""
| #define PACKAGE_STRING ""
| #define PACKAGE_BUGREPORT ""
| #define PACKAGE_URL ""
| #define HAVE_STDIO_H 1
| #define HAVE_STDLIB_H 1
| #define HAVE_STRING_H 1
| #define HAVE_INTTYPES_H 1
| #define HAVE_STDINT_H 1
| #define HAVE_STRINGS_H 1
| #define HAVE_SYS_STAT_H 1
| #define HAVE_SYS_TYPES_H 1
| #define HAVE_UNISTD_H 1
| #define STDC_HEADERS 1
| #define LT_OBJDIR ".libs/"
| #define _FILE_OFFSET_BITS 64
| #define HAVE_LIBC 1
| #define HAVE_SYS_TYPES_H 1
| #define HAVE_STDIO_H 1
| #define HAVE_STDLIB_H 1
| #define HAVE_STDDEF_H 1
| #define HAVE_STDARG_H 1
| #define HAVE_MALLOC_H 1
| #define HAVE_MEMORY_H 1
| #define HAVE_STRING_H 1
| #define HAVE_STRINGS_H 1
| #define HAVE_WCHAR_H 1
| #define HAVE_INTTYPES_H 1
| #define HAVE_STDINT_H 1
| #define HAVE_LIMITS_H 1
| #define HAVE_CTYPE_H 1
| #define HAVE_MATH_H 1
| #define HAVE_FLOAT_H 1
| #define HAVE_SIGNAL_H 1
| #define HAVE_M_PI /**/
| #define HAVE_ALLOCA 1
| #define HAVE_MALLOC 1
| #define HAVE_CALLOC 1
| #define HAVE_REALLOC 1
| #define HAVE_FREE 1
| #define HAVE_GETENV 1
| #define HAVE_PUTENV 1
| #define HAVE_BSEARCH 1
| #define HAVE_QSORT 1
| #define HAVE_ABS 1
| #define HAVE_MEMSET 1
| #define HAVE_MEMCMP 1
| #define HAVE_MEMCPY 1
| #define HAVE_MEMMOVE 1
| #define HAVE_WCSLEN 1
| #define HAVE__WCSDUP 1
| #define HAVE_WCSDUP 1
| #define HAVE_WCSSTR 1
| #define HAVE_WCSCMP 1
| #define HAVE_WCSNCMP 1
| #define HAVE__WCSICMP 1
| #define HAVE__WCSNICMP 1
| #define HAVE_STRLEN 1
| #define HAVE__STRREV 1
| #define HAVE__STRUPR 1
| #define HAVE__STRLWR 1
| #define HAVE_STRCHR 1
| #define HAVE_STRRCHR 1
| #define HAVE_STRSTR 1
| #define HAVE_STRTOK_R 1
| #define HAVE_ITOA 1
| #define HAVE__LTOA 1
| #define HAVE__ULTOA 1
| #define HAVE_STRTOD 1
| #define HAVE_STRTOL 1
| #define HAVE_STRTOUL 1
| #define HAVE__I64TOA 1
| #define HAVE__UI64TOA 1
| #define HAVE_STRTOLL 1
| #define HAVE_STRTOULL 1
| #define HAVE_ATOI 1
| #define HAVE_ATOF 1
| #define HAVE_STRCMP 1
| #define HAVE_STRNCMP 1
| #define HAVE__STRICMP 1
| #define HAVE_STRCASECMP 1
| #define HAVE__STRNICMP 1
| #define HAVE_STRNCASECMP 1
| #define HAVE_VSSCANF 1
| #define HAVE_VSNPRINTF 1
| #define HAVE_FOPEN64 1
| #define HAVE_FSEEKO 1
| #define HAVE_FSEEKO64 1
| #define HAVE_SETJMP 1
| #define HAVE_NANOSLEEP 1
| #define HAVE__EXIT 1
| #define HAVE_ACOS 1
| #define HAVE_ACOSF 1
| #define HAVE_ASIN 1
| #define HAVE_ASINF 1
| #define HAVE_ATAN 1
| #define HAVE_ATANF 1
| #define HAVE_ATAN2 1
| #define HAVE_ATAN2F 1
| #define HAVE_CEIL 1
| #define HAVE_CEILF 1
| #define HAVE_COPYSIGN 1
| #define HAVE_COPYSIGNF 1
| #define HAVE_COS 1
| #define HAVE_COSF 1
| #define HAVE_EXP 1
| #define HAVE_EXPF 1
| #define HAVE_FABS 1
| #define HAVE_FABSF 1
| #define HAVE_FLOOR 1
| #define HAVE_FLOORF 1
| #define HAVE_TRUNC 1
| #define HAVE_TRUNCF 1
| #define HAVE_FMOD 1
| #define HAVE_FMODF 1
| #define HAVE_LOG 1
| #define HAVE_LOGF 1
| #define HAVE_LOG10 1
| #define HAVE_LOG10F 1
| #define HAVE_LROUND 1
| #define HAVE_LROUNDF 1
| #define HAVE_POW 1
| #define HAVE_POWF 1
| #define HAVE_ROUND 1
| #define HAVE_ROUNDF 1
| #define HAVE_SCALBN 1
| #define HAVE_SCALBNF 1
| #define HAVE_SIN 1
| #define HAVE_SINF 1
| #define HAVE_SQRT 1
| #define HAVE_SQRTF 1
| #define HAVE_TAN 1
| #define HAVE_TANF 1
| /* end confdefs.h.  */
| #include <signal.h>
| 
| int
| main (void)
| {
| static struct sigaction ac_aggr;
| if (sizeof ac_aggr.sa_sigaction)
| return 0;
|   ;
|   return 0;
| }
configure:20101: result: no
configure:20111: checking for libunwind.h
configure:20111: gcc -c -g -O2 -I./include -idirafter ./src/video/khronos   -I./include -idirafter ./src/video/khronos  conftest.c >&5
conftest.c:166:10: fatal error: libunwind.h: No such file or directory
  166 | #include <libunwind.h>
      |          ^~~~~~~~~~~~~
compilation terminated.
configure:20111: $? = 1
configure: failed program was:
| /* confdefs.h */
| #define PACKAGE_NAME ""
| #define PACKAGE_TARNAME ""
| #define PACKAGE_VERSION ""
| #define PACKAGE_STRING ""
| #define PACKAGE_BUGREPORT ""
| #define PACKAGE_URL ""
| #define HAVE_STDIO_H 1
| #define HAVE_STDLIB_H 1
| #define HAVE_STRING_H 1
| #define HAVE_INTTYPES_H 1
| #define HAVE_STDINT_H 1
| #define HAVE_STRINGS_H 1
| #define HAVE_SYS_STAT_H 1
| #define HAVE_SYS_TYPES_H 1
| #define HAVE_UNISTD_H 1
| #define STDC_HEADERS 1
| #define LT_OBJDIR ".libs/"
| #define _FILE_OFFSET_BITS 64
| #define HAVE_LIBC 1
| #define HAVE_SYS_TYPES_H 1
| #define HAVE_STDIO_H 1
| #define HAVE_STDLIB_H 1
| #define HAVE_STDDEF_H 1
| #define HAVE_STDARG_H 1
| #define HAVE_MALLOC_H 1
| #define HAVE_MEMORY_H 1
| #define HAVE_STRING_H 1
| #define HAVE_STRINGS_H 1
| #define HAVE_WCHAR_H 1
| #define HAVE_INTTYPES_H 1
| #define HAVE_STDINT_H 1
| #define HAVE_LIMITS_H 1
| #define HAVE_CTYPE_H 1
| #define HAVE_MATH_H 1
| #define HAVE_FLOAT_H 1
| #define HAVE_SIGNAL_H 1
| #define HAVE_M_PI /**/
| #define HAVE_ALLOCA 1
| #define HAVE_MALLOC 1
| #define HAVE_CALLOC 1
| #define HAVE_REALLOC 1
| #define HAVE_FREE 1
| #define HAVE_GETENV 1
| #define HAVE_PUTENV 1
| #define HAVE_BSEARCH 1
| #define HAVE_QSORT 1
| #define HAVE_ABS 1
| #define HAVE_MEMSET 1
| #define HAVE_MEMCMP 1
| #define HAVE_MEMCPY 1
| #define HAVE_MEMMOVE 1
| #define HAVE_WCSLEN 1
| #define HAVE__WCSDUP 1
| #define HAVE_WCSDUP 1
| #define HAVE_WCSSTR 1
| #define HAVE_WCSCMP 1
| #define HAVE_WCSNCMP 1
| #define HAVE__WCSICMP 1
| #define HAVE__WCSNICMP 1
| #define HAVE_STRLEN 1
| #define HAVE__STRREV 1
| #define HAVE__STRUPR 1
| #define HAVE__STRLWR 1
| #define HAVE_STRCHR 1
| #define HAVE_STRRCHR 1
| #define HAVE_STRSTR 1
| #define HAVE_STRTOK_R 1
| #define HAVE_ITOA 1
| #define HAVE__LTOA 1
| #define HAVE__ULTOA 1
| #define HAVE_STRTOD 1
| #define HAVE_STRTOL 1
| #define HAVE_STRTOUL 1
| #define HAVE__I64TOA 1
| #define HAVE__UI64TOA 1
| #define HAVE_STRTOLL 1
| #define HAVE_STRTOULL 1
| #define HAVE_ATOI 1
| #define HAVE_ATOF 1
| #define HAVE_STRCMP 1
| #define HAVE_STRNCMP 1
| #define HAVE__STRICMP 1
| #define HAVE_STRCASECMP 1
| #define HAVE__STRNICMP 1
| #define HAVE_STRNCASECMP 1
| #define HAVE_VSSCANF 1
| #define HAVE_VSNPRINTF 1
| #define HAVE_FOPEN64 1
| #define HAVE_FSEEKO 1
| #define HAVE_FSEEKO64 1
| #define HAVE_SETJMP 1
| #define HAVE_NANOSLEEP 1
| #define HAVE__EXIT 1
| #define HAVE_ACOS 1
| #define HAVE_ACOSF 1
| #define HAVE_ASIN 1
| #define HAVE_ASINF 1
| #define HAVE_ATAN 1
| #define HAVE_ATANF 1
| #define HAVE_ATAN2 1
| #define HAVE_ATAN2F 1
| #define HAVE_CEIL 1
| #define HAVE_CEILF 1
| #define HAVE_COPYSIGN 1
| #define HAVE_COPYSIGNF 1
| #define HAVE_COS 1
| #define HAVE_COSF 1
| #define HAVE_EXP 1
| #define HAVE_EXPF 1
| #define HAVE_FABS 1
| #define HAVE_FABSF 1
| #define HAVE_FLOOR 1
| #define HAVE_FLOORF 1
| #define HAVE_TRUNC 1
| #define HAVE_TRUNCF 1
| #define HAVE_FMOD 1
| #define HAVE_FMODF 1
| #define HAVE_LOG 1
| #define HAVE_LOGF 1
| #define HAVE_LOG10 1
| #define HAVE_LOG10F 1
| #define HAVE_LROUND 1
| #define HAVE_LROUNDF 1
| #define HAVE_POW 1
| #define HAVE_POWF 1
| #define HAVE_ROUND 1
| #define HAVE_ROUNDF 1
| #define HAVE_SCALBN 1
| #define HAVE_SCALBNF 1
| #define HAVE_SIN 1
| #define HAVE_SINF 1
| #define HAVE_SQRT 1
| #define HAVE_SQRTF 1
| #define HAVE_TAN 1
| #define HAVE_TANF 1
| /* end confdefs.h.  */
| #include <stddef.h>
| #ifdef HAVE_STDIO_H
| # include <stdio.h>
| #endif
| #ifdef HAVE_STDLIB_H
| # include <stdlib.h>
| #endif
| #ifdef HAVE_STRING_H
| # include <string.h>
| #endif
| #ifdef HAVE_INTTYPES_H
| # include <inttypes.h>
| #endif
| #ifdef HAVE_STDINT_H
| # include <stdint.h>
| #endif
| #ifdef HAVE_STRINGS_H
| # include <strings.h>
| #endif
| #ifdef HAVE_SYS_TYPES_H
| # include <sys/types.h>
| #endif
| #ifdef HAVE_SYS_STAT_H
| # include <sys/stat.h>
| #endif
| #ifdef HAVE_UNISTD_H
| # include <unistd.h>
| #endif
| #include <libunwind.h>
configure:20111: result: no
configure:20131: checking for GCC builtin atomic operations
configure:20152: gcc -o conftest.exe -g -O2 -I./include -idirafter ./src/video/khronos   -I./include -idirafter ./src/video/khronos   conftest.c  -lm >&5
configure:20152: $? = 0
configure:20158: result: yes
configure:20549: checking for GCC -mmmx option
configure:20579: gcc -c -g -O2 -I./include -idirafter ./src/video/khronos  -mmmx  -I./include -idirafter ./src/video/khronos  conftest.c >&5
configure:20579: $? = 0
configure:20584: result: yes
configure:20605: checking for GCC -m3dnow option
configure:20629: gcc -o conftest.exe -g -O2 -I./include -idirafter ./src/video/khronos  -m3dnow  -I./include -idirafter ./src/video/khronos   conftest.c  -lm >&5
configure:20629: $? = 0
configure:20635: result: yes
configure:20656: checking for GCC -msse option
configure:20686: gcc -c -g -O2 -I./include -idirafter ./src/video/khronos  -msse  -I./include -idirafter ./src/video/khronos  conftest.c >&5
configure:20686: $? = 0
configure:20691: result: yes
configure:20712: checking for GCC -msse2 option
configure:20742: gcc -c -g -O2 -I./include -idirafter ./src/video/khronos  -msse2  -I./include -idirafter ./src/video/khronos  conftest.c >&5
configure:20742: $? = 0
configure:20747: result: yes
configure:20768: checking for GCC -msse3 option
configure:20798: gcc -c -g -O2 -I./include -idirafter ./src/video/khronos  -msse3  -I./include -idirafter ./src/video/khronos  conftest.c >&5
configure:20798: $? = 0
configure:20803: result: yes
configure:20813: checking for immintrin.h
configure:20826: gcc -c -g -O2 -I./include -idirafter ./src/video/khronos   -I./include -idirafter ./src/video/khronos  conftest.c >&5
configure:20826: $? = 0
configure:20833: result: yes
configure:20856: checking for Altivec with GCC altivec.h and -maltivec option
configure:20874: gcc -c -g -O2 -I./include -idirafter ./src/video/khronos  -maltivec  -I./include -idirafter ./src/video/khronos  conftest.c >&5
gcc.exe: error: unrecognized command-line option '-maltivec'
configure:20874: $? = 1
configure: failed program was:
| /* confdefs.h */
| #define PACKAGE_NAME ""
| #define PACKAGE_TARNAME ""
| #define PACKAGE_VERSION ""
| #define PACKAGE_STRING ""
| #define PACKAGE_BUGREPORT ""
| #define PACKAGE_URL ""
| #define HAVE_STDIO_H 1
| #define HAVE_STDLIB_H 1
| #define HAVE_STRING_H 1
| #define HAVE_INTTYPES_H 1
| #define HAVE_STDINT_H 1
| #define HAVE_STRINGS_H 1
| #define HAVE_SYS_STAT_H 1
| #define HAVE_SYS_TYPES_H 1
| #define HAVE_UNISTD_H 1
| #define STDC_HEADERS 1
| #define LT_OBJDIR ".libs/"
| #define _FILE_OFFSET_BITS 64
| #define HAVE_LIBC 1
| #define HAVE_SYS_TYPES_H 1
| #define HAVE_STDIO_H 1
| #define HAVE_STDLIB_H 1
| #define HAVE_STDDEF_H 1
| #define HAVE_STDARG_H 1
| #define HAVE_MALLOC_H 1
| #define HAVE_MEMORY_H 1
| #define HAVE_STRING_H 1
| #define HAVE_STRINGS_H 1
| #define HAVE_WCHAR_H 1
| #define HAVE_INTTYPES_H 1
| #define HAVE_STDINT_H 1
| #define HAVE_LIMITS_H 1
| #define HAVE_CTYPE_H 1
| #define HAVE_MATH_H 1
| #define HAVE_FLOAT_H 1
| #define HAVE_SIGNAL_H 1
| #define HAVE_M_PI /**/
| #define HAVE_ALLOCA 1
| #define HAVE_MALLOC 1
| #define HAVE_CALLOC 1
| #define HAVE_REALLOC 1
| #define HAVE_FREE 1
| #define HAVE_GETENV 1
| #define HAVE_PUTENV 1
| #define HAVE_BSEARCH 1
| #define HAVE_QSORT 1
| #define HAVE_ABS 1
| #define HAVE_MEMSET 1
| #define HAVE_MEMCMP 1
| #define HAVE_MEMCPY 1
| #define HAVE_MEMMOVE 1
| #define HAVE_WCSLEN 1
| #define HAVE__WCSDUP 1
| #define HAVE_WCSDUP 1
| #define HAVE_WCSSTR 1
| #define HAVE_WCSCMP 1
| #define HAVE_WCSNCMP 1
| #define HAVE__WCSICMP 1
| #define HAVE__WCSNICMP 1
| #define HAVE_STRLEN 1
| #define HAVE__STRREV 1
| #define HAVE__STRUPR 1
| #define HAVE__STRLWR 1
| #define HAVE_STRCHR 1
| #define HAVE_STRRCHR 1
| #define HAVE_STRSTR 1
| #define HAVE_STRTOK_R 1
| #define HAVE_ITOA 1
| #define HAVE__LTOA 1
| #define HAVE__ULTOA 1
| #define HAVE_STRTOD 1
| #define HAVE_STRTOL 1
| #define HAVE_STRTOUL 1
| #define HAVE__I64TOA 1
| #define HAVE__UI64TOA 1
| #define HAVE_STRTOLL 1
| #define HAVE_STRTOULL 1
| #define HAVE_ATOI 1
| #define HAVE_ATOF 1
| #define HAVE_STRCMP 1
| #define HAVE_STRNCMP 1
| #define HAVE__STRICMP 1
| #define HAVE_STRCASECMP 1
| #define HAVE__STRNICMP 1
| #define HAVE_STRNCASECMP 1
| #define HAVE_VSSCANF 1
| #define HAVE_VSNPRINTF 1
| #define HAVE_FOPEN64 1
| #define HAVE_FSEEKO 1
| #define HAVE_FSEEKO64 1
| #define HAVE_SETJMP 1
| #define HAVE_NANOSLEEP 1
| #define HAVE__EXIT 1
| #define HAVE_ACOS 1
| #define HAVE_ACOSF 1
| #define HAVE_ASIN 1
| #define HAVE_ASINF 1
| #define HAVE_ATAN 1
| #define HAVE_ATANF 1
| #define HAVE_ATAN2 1
| #define HAVE_ATAN2F 1
| #define HAVE_CEIL 1
| #define HAVE_CEILF 1
| #define HAVE_COPYSIGN 1
| #define HAVE_COPYSIGNF 1
| #define HAVE_COS 1
| #define HAVE_COSF 1
| #define HAVE_EXP 1
| #define HAVE_EXPF 1
| #define HAVE_FABS 1
| #define HAVE_FABSF 1
| #define HAVE_FLOOR 1
| #define HAVE_FLOORF 1
| #define HAVE_TRUNC 1
| #define HAVE_TRUNCF 1
| #define HAVE_FMOD 1
| #define HAVE_FMODF 1
| #define HAVE_LOG 1
| #define HAVE_LOGF 1
| #define HAVE_LOG10 1
| #define HAVE_LOG10F 1
| #define HAVE_LROUND 1
| #define HAVE_LROUNDF 1
| #define HAVE_POW 1
| #define HAVE_POWF 1
| #define HAVE_ROUND 1
| #define HAVE_ROUNDF 1
| #define HAVE_SCALBN 1
| #define HAVE_SCALBNF 1
| #define HAVE_SIN 1
| #define HAVE_SINF 1
| #define HAVE_SQRT 1
| #define HAVE_SQRTF 1
| #define HAVE_TAN 1
| #define HAVE_TANF 1
| #define HAVE_GCC_ATOMICS 1
| #define HAVE_IMMINTRIN_H 1
| /* end confdefs.h.  */
| 
|         #include <altivec.h>
|         vector unsigned int vzero() {
|             return vec_splat_u32(0);
|         }
| 
| int
| main (void)
| {
| 
|   ;
|   return 0;
| }
configure:20882: result: no
configure:20886: checking for Altivec with GCC -maltivec option
configure:20903: gcc -c -g -O2 -I./include -idirafter ./src/video/khronos  -maltivec  -I./include -idirafter ./src/video/khronos  conftest.c >&5
gcc.exe: error: unrecognized command-line option '-maltivec'
configure:20903: $? = 1
configure: failed program was:
| /* confdefs.h */
| #define PACKAGE_NAME ""
| #define PACKAGE_TARNAME ""
| #define PACKAGE_VERSION ""
| #define PACKAGE_STRING ""
| #define PACKAGE_BUGREPORT ""
| #define PACKAGE_URL ""
| #define HAVE_STDIO_H 1
| #define HAVE_STDLIB_H 1
| #define HAVE_STRING_H 1
| #define HAVE_INTTYPES_H 1
| #define HAVE_STDINT_H 1
| #define HAVE_STRINGS_H 1
| #define HAVE_SYS_STAT_H 1
| #define HAVE_SYS_TYPES_H 1
| #define HAVE_UNISTD_H 1
| #define STDC_HEADERS 1
| #define LT_OBJDIR ".libs/"
| #define _FILE_OFFSET_BITS 64
| #define HAVE_LIBC 1
| #define HAVE_SYS_TYPES_H 1
| #define HAVE_STDIO_H 1
| #define HAVE_STDLIB_H 1
| #define HAVE_STDDEF_H 1
| #define HAVE_STDARG_H 1
| #define HAVE_MALLOC_H 1
| #define HAVE_MEMORY_H 1
| #define HAVE_STRING_H 1
| #define HAVE_STRINGS_H 1
| #define HAVE_WCHAR_H 1
| #define HAVE_INTTYPES_H 1
| #define HAVE_STDINT_H 1
| #define HAVE_LIMITS_H 1
| #define HAVE_CTYPE_H 1
| #define HAVE_MATH_H 1
| #define HAVE_FLOAT_H 1
| #define HAVE_SIGNAL_H 1
| #define HAVE_M_PI /**/
| #define HAVE_ALLOCA 1
| #define HAVE_MALLOC 1
| #define HAVE_CALLOC 1
| #define HAVE_REALLOC 1
| #define HAVE_FREE 1
| #define HAVE_GETENV 1
| #define HAVE_PUTENV 1
| #define HAVE_BSEARCH 1
| #define HAVE_QSORT 1
| #define HAVE_ABS 1
| #define HAVE_MEMSET 1
| #define HAVE_MEMCMP 1
| #define HAVE_MEMCPY 1
| #define HAVE_MEMMOVE 1
| #define HAVE_WCSLEN 1
| #define HAVE__WCSDUP 1
| #define HAVE_WCSDUP 1
| #define HAVE_WCSSTR 1
| #define HAVE_WCSCMP 1
| #define HAVE_WCSNCMP 1
| #define HAVE__WCSICMP 1
| #define HAVE__WCSNICMP 1
| #define HAVE_STRLEN 1
| #define HAVE__STRREV 1
| #define HAVE__STRUPR 1
| #define HAVE__STRLWR 1
| #define HAVE_STRCHR 1
| #define HAVE_STRRCHR 1
| #define HAVE_STRSTR 1
| #define HAVE_STRTOK_R 1
| #define HAVE_ITOA 1
| #define HAVE__LTOA 1
| #define HAVE__ULTOA 1
| #define HAVE_STRTOD 1
| #define HAVE_STRTOL 1
| #define HAVE_STRTOUL 1
| #define HAVE__I64TOA 1
| #define HAVE__UI64TOA 1
| #define HAVE_STRTOLL 1
| #define HAVE_STRTOULL 1
| #define HAVE_ATOI 1
| #define HAVE_ATOF 1
| #define HAVE_STRCMP 1
| #define HAVE_STRNCMP 1
| #define HAVE__STRICMP 1
| #define HAVE_STRCASECMP 1
| #define HAVE__STRNICMP 1
| #define HAVE_STRNCASECMP 1
| #define HAVE_VSSCANF 1
| #define HAVE_VSNPRINTF 1
| #define HAVE_FOPEN64 1
| #define HAVE_FSEEKO 1
| #define HAVE_FSEEKO64 1
| #define HAVE_SETJMP 1
| #define HAVE_NANOSLEEP 1
| #define HAVE__EXIT 1
| #define HAVE_ACOS 1
| #define HAVE_ACOSF 1
| #define HAVE_ASIN 1
| #define HAVE_ASINF 1
| #define HAVE_ATAN 1
| #define HAVE_ATANF 1
| #define HAVE_ATAN2 1
| #define HAVE_ATAN2F 1
| #define HAVE_CEIL 1
| #define HAVE_CEILF 1
| #define HAVE_COPYSIGN 1
| #define HAVE_COPYSIGNF 1
| #define HAVE_COS 1
| #define HAVE_COSF 1
| #define HAVE_EXP 1
| #define HAVE_EXPF 1
| #define HAVE_FABS 1
| #define HAVE_FABSF 1
| #define HAVE_FLOOR 1
| #define HAVE_FLOORF 1
| #define HAVE_TRUNC 1
| #define HAVE_TRUNCF 1
| #define HAVE_FMOD 1
| #define HAVE_FMODF 1
| #define HAVE_LOG 1
| #define HAVE_LOGF 1
| #define HAVE_LOG10 1
| #define HAVE_LOG10F 1
| #define HAVE_LROUND 1
| #define HAVE_LROUNDF 1
| #define HAVE_POW 1
| #define HAVE_POWF 1
| #define HAVE_ROUND 1
| #define HAVE_ROUNDF 1
| #define HAVE_SCALBN 1
| #define HAVE_SCALBNF 1
| #define HAVE_SIN 1
| #define HAVE_SINF 1
| #define HAVE_SQRT 1
| #define HAVE_SQRTF 1
| #define HAVE_TAN 1
| #define HAVE_TANF 1
| #define HAVE_GCC_ATOMICS 1
| #define HAVE_IMMINTRIN_H 1
| /* end confdefs.h.  */
| 
|             vector unsigned int vzero() {
|                 return vec_splat_u32(0);
|             }
| 
| int
| main (void)
| {
| 
|   ;
|   return 0;
| }
configure:20908: result: no
configure:20913: checking for Altivec with GCC altivec.h and -faltivec option
configure:20933: gcc -c -g -O2 -I./include -idirafter ./src/video/khronos  -faltivec  -I./include -idirafter ./src/video/khronos  conftest.c >&5
gcc.exe: error: unrecognized command-line option '-faltivec'
configure:20933: $? = 1
configure: failed program was:
| /* confdefs.h */
| #define PACKAGE_NAME ""
| #define PACKAGE_TARNAME ""
| #define PACKAGE_VERSION ""
| #define PACKAGE_STRING ""
| #define PACKAGE_BUGREPORT ""
| #define PACKAGE_URL ""
| #define HAVE_STDIO_H 1
| #define HAVE_STDLIB_H 1
| #define HAVE_STRING_H 1
| #define HAVE_INTTYPES_H 1
| #define HAVE_STDINT_H 1
| #define HAVE_STRINGS_H 1
| #define HAVE_SYS_STAT_H 1
| #define HAVE_SYS_TYPES_H 1
| #define HAVE_UNISTD_H 1
| #define STDC_HEADERS 1
| #define LT_OBJDIR ".libs/"
| #define _FILE_OFFSET_BITS 64
| #define HAVE_LIBC 1
| #define HAVE_SYS_TYPES_H 1
| #define HAVE_STDIO_H 1
| #define HAVE_STDLIB_H 1
| #define HAVE_STDDEF_H 1
| #define HAVE_STDARG_H 1
| #define HAVE_MALLOC_H 1
| #define HAVE_MEMORY_H 1
| #define HAVE_STRING_H 1
| #define HAVE_STRINGS_H 1
| #define HAVE_WCHAR_H 1
| #define HAVE_INTTYPES_H 1
| #define HAVE_STDINT_H 1
| #define HAVE_LIMITS_H 1
| #define HAVE_CTYPE_H 1
| #define HAVE_MATH_H 1
| #define HAVE_FLOAT_H 1
| #define HAVE_SIGNAL_H 1
| #define HAVE_M_PI /**/
| #define HAVE_ALLOCA 1
| #define HAVE_MALLOC 1
| #define HAVE_CALLOC 1
| #define HAVE_REALLOC 1
| #define HAVE_FREE 1
| #define HAVE_GETENV 1
| #define HAVE_PUTENV 1
| #define HAVE_BSEARCH 1
| #define HAVE_QSORT 1
| #define HAVE_ABS 1
| #define HAVE_MEMSET 1
| #define HAVE_MEMCMP 1
| #define HAVE_MEMCPY 1
| #define HAVE_MEMMOVE 1
| #define HAVE_WCSLEN 1
| #define HAVE__WCSDUP 1
| #define HAVE_WCSDUP 1
| #define HAVE_WCSSTR 1
| #define HAVE_WCSCMP 1
| #define HAVE_WCSNCMP 1
| #define HAVE__WCSICMP 1
| #define HAVE__WCSNICMP 1
| #define HAVE_STRLEN 1
| #define HAVE__STRREV 1
| #define HAVE__STRUPR 1
| #define HAVE__STRLWR 1
| #define HAVE_STRCHR 1
| #define HAVE_STRRCHR 1
| #define HAVE_STRSTR 1
| #define HAVE_STRTOK_R 1
| #define HAVE_ITOA 1
| #define HAVE__LTOA 1
| #define HAVE__ULTOA 1
| #define HAVE_STRTOD 1
| #define HAVE_STRTOL 1
| #define HAVE_STRTOUL 1
| #define HAVE__I64TOA 1
| #define HAVE__UI64TOA 1
| #define HAVE_STRTOLL 1
| #define HAVE_STRTOULL 1
| #define HAVE_ATOI 1
| #define HAVE_ATOF 1
| #define HAVE_STRCMP 1
| #define HAVE_STRNCMP 1
| #define HAVE__STRICMP 1
| #define HAVE_STRCASECMP 1
| #define HAVE__STRNICMP 1
| #define HAVE_STRNCASECMP 1
| #define HAVE_VSSCANF 1
| #define HAVE_VSNPRINTF 1
| #define HAVE_FOPEN64 1
| #define HAVE_FSEEKO 1
| #define HAVE_FSEEKO64 1
| #define HAVE_SETJMP 1
| #define HAVE_NANOSLEEP 1
| #define HAVE__EXIT 1
| #define HAVE_ACOS 1
| #define HAVE_ACOSF 1
| #define HAVE_ASIN 1
| #define HAVE_ASINF 1
| #define HAVE_ATAN 1
| #define HAVE_ATANF 1
| #define HAVE_ATAN2 1
| #define HAVE_ATAN2F 1
| #define HAVE_CEIL 1
| #define HAVE_CEILF 1
| #define HAVE_COPYSIGN 1
| #define HAVE_COPYSIGNF 1
| #define HAVE_COS 1
| #define HAVE_COSF 1
| #define HAVE_EXP 1
| #define HAVE_EXPF 1
| #define HAVE_FABS 1
| #define HAVE_FABSF 1
| #define HAVE_FLOOR 1
| #define HAVE_FLOORF 1
| #define HAVE_TRUNC 1
| #define HAVE_TRUNCF 1
| #define HAVE_FMOD 1
| #define HAVE_FMODF 1
| #define HAVE_LOG 1
| #define HAVE_LOGF 1
| #define HAVE_LOG10 1
| #define HAVE_LOG10F 1
| #define HAVE_LROUND 1
| #define HAVE_LROUNDF 1
| #define HAVE_POW 1
| #define HAVE_POWF 1
| #define HAVE_ROUND 1
| #define HAVE_ROUNDF 1
| #define HAVE_SCALBN 1
| #define HAVE_SCALBNF 1
| #define HAVE_SIN 1
| #define HAVE_SINF 1
| #define HAVE_SQRT 1
| #define HAVE_SQRTF 1
| #define HAVE_TAN 1
| #define HAVE_TANF 1
| #define HAVE_GCC_ATOMICS 1
| #define HAVE_IMMINTRIN_H 1
| /* end confdefs.h.  */
| 
|             #include <altivec.h>
|             vector unsigned int vzero() {
|                 return vec_splat_u32(0);
|             }
| 
| int
| main (void)
| {
| 
|   ;
|   return 0;
| }
configure:20941: result: no
configure:20946: checking for Altivec with GCC -faltivec option
configure:20963: gcc -c -g -O2 -I./include -idirafter ./src/video/khronos  -faltivec  -I./include -idirafter ./src/video/khronos  conftest.c >&5
gcc.exe: error: unrecognized command-line option '-faltivec'
configure:20963: $? = 1
configure: failed program was:
| /* confdefs.h */
| #define PACKAGE_NAME ""
| #define PACKAGE_TARNAME ""
| #define PACKAGE_VERSION ""
| #define PACKAGE_STRING ""
| #define PACKAGE_BUGREPORT ""
| #define PACKAGE_URL ""
| #define HAVE_STDIO_H 1
| #define HAVE_STDLIB_H 1
| #define HAVE_STRING_H 1
| #define HAVE_INTTYPES_H 1
| #define HAVE_STDINT_H 1
| #define HAVE_STRINGS_H 1
| #define HAVE_SYS_STAT_H 1
| #define HAVE_SYS_TYPES_H 1
| #define HAVE_UNISTD_H 1
| #define STDC_HEADERS 1
| #define LT_OBJDIR ".libs/"
| #define _FILE_OFFSET_BITS 64
| #define HAVE_LIBC 1
| #define HAVE_SYS_TYPES_H 1
| #define HAVE_STDIO_H 1
| #define HAVE_STDLIB_H 1
| #define HAVE_STDDEF_H 1
| #define HAVE_STDARG_H 1
| #define HAVE_MALLOC_H 1
| #define HAVE_MEMORY_H 1
| #define HAVE_STRING_H 1
| #define HAVE_STRINGS_H 1
| #define HAVE_WCHAR_H 1
| #define HAVE_INTTYPES_H 1
| #define HAVE_STDINT_H 1
| #define HAVE_LIMITS_H 1
| #define HAVE_CTYPE_H 1
| #define HAVE_MATH_H 1
| #define HAVE_FLOAT_H 1
| #define HAVE_SIGNAL_H 1
| #define HAVE_M_PI /**/
| #define HAVE_ALLOCA 1
| #define HAVE_MALLOC 1
| #define HAVE_CALLOC 1
| #define HAVE_REALLOC 1
| #define HAVE_FREE 1
| #define HAVE_GETENV 1
| #define HAVE_PUTENV 1
| #define HAVE_BSEARCH 1
| #define HAVE_QSORT 1
| #define HAVE_ABS 1
| #define HAVE_MEMSET 1
| #define HAVE_MEMCMP 1
| #define HAVE_MEMCPY 1
| #define HAVE_MEMMOVE 1
| #define HAVE_WCSLEN 1
| #define HAVE__WCSDUP 1
| #define HAVE_WCSDUP 1
| #define HAVE_WCSSTR 1
| #define HAVE_WCSCMP 1
| #define HAVE_WCSNCMP 1
| #define HAVE__WCSICMP 1
| #define HAVE__WCSNICMP 1
| #define HAVE_STRLEN 1
| #define HAVE__STRREV 1
| #define HAVE__STRUPR 1
| #define HAVE__STRLWR 1
| #define HAVE_STRCHR 1
| #define HAVE_STRRCHR 1
| #define HAVE_STRSTR 1
| #define HAVE_STRTOK_R 1
| #define HAVE_ITOA 1
| #define HAVE__LTOA 1
| #define HAVE__ULTOA 1
| #define HAVE_STRTOD 1
| #define HAVE_STRTOL 1
| #define HAVE_STRTOUL 1
| #define HAVE__I64TOA 1
| #define HAVE__UI64TOA 1
| #define HAVE_STRTOLL 1
| #define HAVE_STRTOULL 1
| #define HAVE_ATOI 1
| #define HAVE_ATOF 1
| #define HAVE_STRCMP 1
| #define HAVE_STRNCMP 1
| #define HAVE__STRICMP 1
| #define HAVE_STRCASECMP 1
| #define HAVE__STRNICMP 1
| #define HAVE_STRNCASECMP 1
| #define HAVE_VSSCANF 1
| #define HAVE_VSNPRINTF 1
| #define HAVE_FOPEN64 1
| #define HAVE_FSEEKO 1
| #define HAVE_FSEEKO64 1
| #define HAVE_SETJMP 1
| #define HAVE_NANOSLEEP 1
| #define HAVE__EXIT 1
| #define HAVE_ACOS 1
| #define HAVE_ACOSF 1
| #define HAVE_ASIN 1
| #define HAVE_ASINF 1
| #define HAVE_ATAN 1
| #define HAVE_ATANF 1
| #define HAVE_ATAN2 1
| #define HAVE_ATAN2F 1
| #define HAVE_CEIL 1
| #define HAVE_CEILF 1
| #define HAVE_COPYSIGN 1
| #define HAVE_COPYSIGNF 1
| #define HAVE_COS 1
| #define HAVE_COSF 1
| #define HAVE_EXP 1
| #define HAVE_EXPF 1
| #define HAVE_FABS 1
| #define HAVE_FABSF 1
| #define HAVE_FLOOR 1
| #define HAVE_FLOORF 1
| #define HAVE_TRUNC 1
| #define HAVE_TRUNCF 1
| #define HAVE_FMOD 1
| #define HAVE_FMODF 1
| #define HAVE_LOG 1
| #define HAVE_LOGF 1
| #define HAVE_LOG10 1
| #define HAVE_LOG10F 1
| #define HAVE_LROUND 1
| #define HAVE_LROUNDF 1
| #define HAVE_POW 1
| #define HAVE_POWF 1
| #define HAVE_ROUND 1
| #define HAVE_ROUNDF 1
| #define HAVE_SCALBN 1
| #define HAVE_SCALBNF 1
| #define HAVE_SIN 1
| #define HAVE_SINF 1
| #define HAVE_SQRT 1
| #define HAVE_SQRTF 1
| #define HAVE_TAN 1
| #define HAVE_TANF 1
| #define HAVE_GCC_ATOMICS 1
| #define HAVE_IMMINTRIN_H 1
| /* end confdefs.h.  */
| 
|             vector unsigned int vzero() {
|                 return vec_splat_u32(0);
|             }
| 
| int
| main (void)
| {
| 
|   ;
|   return 0;
| }
configure:20968: result: no
configure:20999: checking for GCC -mlsx option
configure:21019: gcc -c -g -O2 -I./include -idirafter ./src/video/khronos  -mlsx  -I./include -idirafter ./src/video/khronos  conftest.c >&5
gcc.exe: error: unrecognized command-line option '-mlsx'
configure:21019: $? = 1
configure: failed program was:
| /* confdefs.h */
| #define PACKAGE_NAME ""
| #define PACKAGE_TARNAME ""
| #define PACKAGE_VERSION ""
| #define PACKAGE_STRING ""
| #define PACKAGE_BUGREPORT ""
| #define PACKAGE_URL ""
| #define HAVE_STDIO_H 1
| #define HAVE_STDLIB_H 1
| #define HAVE_STRING_H 1
| #define HAVE_INTTYPES_H 1
| #define HAVE_STDINT_H 1
| #define HAVE_STRINGS_H 1
| #define HAVE_SYS_STAT_H 1
| #define HAVE_SYS_TYPES_H 1
| #define HAVE_UNISTD_H 1
| #define STDC_HEADERS 1
| #define LT_OBJDIR ".libs/"
| #define _FILE_OFFSET_BITS 64
| #define HAVE_LIBC 1
| #define HAVE_SYS_TYPES_H 1
| #define HAVE_STDIO_H 1
| #define HAVE_STDLIB_H 1
| #define HAVE_STDDEF_H 1
| #define HAVE_STDARG_H 1
| #define HAVE_MALLOC_H 1
| #define HAVE_MEMORY_H 1
| #define HAVE_STRING_H 1
| #define HAVE_STRINGS_H 1
| #define HAVE_WCHAR_H 1
| #define HAVE_INTTYPES_H 1
| #define HAVE_STDINT_H 1
| #define HAVE_LIMITS_H 1
| #define HAVE_CTYPE_H 1
| #define HAVE_MATH_H 1
| #define HAVE_FLOAT_H 1
| #define HAVE_SIGNAL_H 1
| #define HAVE_M_PI /**/
| #define HAVE_ALLOCA 1
| #define HAVE_MALLOC 1
| #define HAVE_CALLOC 1
| #define HAVE_REALLOC 1
| #define HAVE_FREE 1
| #define HAVE_GETENV 1
| #define HAVE_PUTENV 1
| #define HAVE_BSEARCH 1
| #define HAVE_QSORT 1
| #define HAVE_ABS 1
| #define HAVE_MEMSET 1
| #define HAVE_MEMCMP 1
| #define HAVE_MEMCPY 1
| #define HAVE_MEMMOVE 1
| #define HAVE_WCSLEN 1
| #define HAVE__WCSDUP 1
| #define HAVE_WCSDUP 1
| #define HAVE_WCSSTR 1
| #define HAVE_WCSCMP 1
| #define HAVE_WCSNCMP 1
| #define HAVE__WCSICMP 1
| #define HAVE__WCSNICMP 1
| #define HAVE_STRLEN 1
| #define HAVE__STRREV 1
| #define HAVE__STRUPR 1
| #define HAVE__STRLWR 1
| #define HAVE_STRCHR 1
| #define HAVE_STRRCHR 1
| #define HAVE_STRSTR 1
| #define HAVE_STRTOK_R 1
| #define HAVE_ITOA 1
| #define HAVE__LTOA 1
| #define HAVE__ULTOA 1
| #define HAVE_STRTOD 1
| #define HAVE_STRTOL 1
| #define HAVE_STRTOUL 1
| #define HAVE__I64TOA 1
| #define HAVE__UI64TOA 1
| #define HAVE_STRTOLL 1
| #define HAVE_STRTOULL 1
| #define HAVE_ATOI 1
| #define HAVE_ATOF 1
| #define HAVE_STRCMP 1
| #define HAVE_STRNCMP 1
| #define HAVE__STRICMP 1
| #define HAVE_STRCASECMP 1
| #define HAVE__STRNICMP 1
| #define HAVE_STRNCASECMP 1
| #define HAVE_VSSCANF 1
| #define HAVE_VSNPRINTF 1
| #define HAVE_FOPEN64 1
| #define HAVE_FSEEKO 1
| #define HAVE_FSEEKO64 1
| #define HAVE_SETJMP 1
| #define HAVE_NANOSLEEP 1
| #define HAVE__EXIT 1
| #define HAVE_ACOS 1
| #define HAVE_ACOSF 1
| #define HAVE_ASIN 1
| #define HAVE_ASINF 1
| #define HAVE_ATAN 1
| #define HAVE_ATANF 1
| #define HAVE_ATAN2 1
| #define HAVE_ATAN2F 1
| #define HAVE_CEIL 1
| #define HAVE_CEILF 1
| #define HAVE_COPYSIGN 1
| #define HAVE_COPYSIGNF 1
| #define HAVE_COS 1
| #define HAVE_COSF 1
| #define HAVE_EXP 1
| #define HAVE_EXPF 1
| #define HAVE_FABS 1
| #define HAVE_FABSF 1
| #define HAVE_FLOOR 1
| #define HAVE_FLOORF 1
| #define HAVE_TRUNC 1
| #define HAVE_TRUNCF 1
| #define HAVE_FMOD 1
| #define HAVE_FMODF 1
| #define HAVE_LOG 1
| #define HAVE_LOGF 1
| #define HAVE_LOG10 1
| #define HAVE_LOG10F 1
| #define HAVE_LROUND 1
| #define HAVE_LROUNDF 1
| #define HAVE_POW 1
| #define HAVE_POWF 1
| #define HAVE_ROUND 1
| #define HAVE_ROUNDF 1
| #define HAVE_SCALBN 1
| #define HAVE_SCALBNF 1
| #define HAVE_SIN 1
| #define HAVE_SINF 1
| #define HAVE_SQRT 1
| #define HAVE_SQRTF 1
| #define HAVE_TAN 1
| #define HAVE_TANF 1
| #define HAVE_GCC_ATOMICS 1
| #define HAVE_IMMINTRIN_H 1
| /* end confdefs.h.  */
| 
|         #ifndef __loongarch_sx
|         #error Assembler CPP flag not enabled
|         #endif
| 
| int
| main (void)
| {
| 
|   ;
|   return 0;
| }
configure:21024: result: no
configure:21034: checking for lsxintrin.h
configure:21047: gcc -c -g -O2 -I./include -idirafter ./src/video/khronos   -I./include -idirafter ./src/video/khronos  conftest.c >&5
conftest.c:140:10: fatal error: lsxintrin.h: No such file or directory
  140 | #include <lsxintrin.h>
      |          ^~~~~~~~~~~~~
compilation terminated.
configure:21047: $? = 1
configure: failed program was:
| /* confdefs.h */
| #define PACKAGE_NAME ""
| #define PACKAGE_TARNAME ""
| #define PACKAGE_VERSION ""
| #define PACKAGE_STRING ""
| #define PACKAGE_BUGREPORT ""
| #define PACKAGE_URL ""
| #define HAVE_STDIO_H 1
| #define HAVE_STDLIB_H 1
| #define HAVE_STRING_H 1
| #define HAVE_INTTYPES_H 1
| #define HAVE_STDINT_H 1
| #define HAVE_STRINGS_H 1
| #define HAVE_SYS_STAT_H 1
| #define HAVE_SYS_TYPES_H 1
| #define HAVE_UNISTD_H 1
| #define STDC_HEADERS 1
| #define LT_OBJDIR ".libs/"
| #define _FILE_OFFSET_BITS 64
| #define HAVE_LIBC 1
| #define HAVE_SYS_TYPES_H 1
| #define HAVE_STDIO_H 1
| #define HAVE_STDLIB_H 1
| #define HAVE_STDDEF_H 1
| #define HAVE_STDARG_H 1
| #define HAVE_MALLOC_H 1
| #define HAVE_MEMORY_H 1
| #define HAVE_STRING_H 1
| #define HAVE_STRINGS_H 1
| #define HAVE_WCHAR_H 1
| #define HAVE_INTTYPES_H 1
| #define HAVE_STDINT_H 1
| #define HAVE_LIMITS_H 1
| #define HAVE_CTYPE_H 1
| #define HAVE_MATH_H 1
| #define HAVE_FLOAT_H 1
| #define HAVE_SIGNAL_H 1
| #define HAVE_M_PI /**/
| #define HAVE_ALLOCA 1
| #define HAVE_MALLOC 1
| #define HAVE_CALLOC 1
| #define HAVE_REALLOC 1
| #define HAVE_FREE 1
| #define HAVE_GETENV 1
| #define HAVE_PUTENV 1
| #define HAVE_BSEARCH 1
| #define HAVE_QSORT 1
| #define HAVE_ABS 1
| #define HAVE_MEMSET 1
| #define HAVE_MEMCMP 1
| #define HAVE_MEMCPY 1
| #define HAVE_MEMMOVE 1
| #define HAVE_WCSLEN 1
| #define HAVE__WCSDUP 1
| #define HAVE_WCSDUP 1
| #define HAVE_WCSSTR 1
| #define HAVE_WCSCMP 1
| #define HAVE_WCSNCMP 1
| #define HAVE__WCSICMP 1
| #define HAVE__WCSNICMP 1
| #define HAVE_STRLEN 1
| #define HAVE__STRREV 1
| #define HAVE__STRUPR 1
| #define HAVE__STRLWR 1
| #define HAVE_STRCHR 1
| #define HAVE_STRRCHR 1
| #define HAVE_STRSTR 1
| #define HAVE_STRTOK_R 1
| #define HAVE_ITOA 1
| #define HAVE__LTOA 1
| #define HAVE__ULTOA 1
| #define HAVE_STRTOD 1
| #define HAVE_STRTOL 1
| #define HAVE_STRTOUL 1
| #define HAVE__I64TOA 1
| #define HAVE__UI64TOA 1
| #define HAVE_STRTOLL 1
| #define HAVE_STRTOULL 1
| #define HAVE_ATOI 1
| #define HAVE_ATOF 1
| #define HAVE_STRCMP 1
| #define HAVE_STRNCMP 1
| #define HAVE__STRICMP 1
| #define HAVE_STRCASECMP 1
| #define HAVE__STRNICMP 1
| #define HAVE_STRNCASECMP 1
| #define HAVE_VSSCANF 1
| #define HAVE_VSNPRINTF 1
| #define HAVE_FOPEN64 1
| #define HAVE_FSEEKO 1
| #define HAVE_FSEEKO64 1
| #define HAVE_SETJMP 1
| #define HAVE_NANOSLEEP 1
| #define HAVE__EXIT 1
| #define HAVE_ACOS 1
| #define HAVE_ACOSF 1
| #define HAVE_ASIN 1
| #define HAVE_ASINF 1
| #define HAVE_ATAN 1
| #define HAVE_ATANF 1
| #define HAVE_ATAN2 1
| #define HAVE_ATAN2F 1
| #define HAVE_CEIL 1
| #define HAVE_CEILF 1
| #define HAVE_COPYSIGN 1
| #define HAVE_COPYSIGNF 1
| #define HAVE_COS 1
| #define HAVE_COSF 1
| #define HAVE_EXP 1
| #define HAVE_EXPF 1
| #define HAVE_FABS 1
| #define HAVE_FABSF 1
| #define HAVE_FLOOR 1
| #define HAVE_FLOORF 1
| #define HAVE_TRUNC 1
| #define HAVE_TRUNCF 1
| #define HAVE_FMOD 1
| #define HAVE_FMODF 1
| #define HAVE_LOG 1
| #define HAVE_LOGF 1
| #define HAVE_LOG10 1
| #define HAVE_LOG10F 1
| #define HAVE_LROUND 1
| #define HAVE_LROUNDF 1
| #define HAVE_POW 1
| #define HAVE_POWF 1
| #define HAVE_ROUND 1
| #define HAVE_ROUNDF 1
| #define HAVE_SCALBN 1
| #define HAVE_SCALBNF 1
| #define HAVE_SIN 1
| #define HAVE_SINF 1
| #define HAVE_SQRT 1
| #define HAVE_SQRTF 1
| #define HAVE_TAN 1
| #define HAVE_TANF 1
| #define HAVE_GCC_ATOMICS 1
| #define HAVE_IMMINTRIN_H 1
| /* end confdefs.h.  */
| #include <lsxintrin.h>
| int
| main (void)
| {
| 
|   ;
|   return 0;
| }
configure:21054: result: no
configure:21073: checking for GCC -mlasx option
configure:21093: gcc -c -g -O2 -I./include -idirafter ./src/video/khronos  -mlasx  -I./include -idirafter ./src/video/khronos  conftest.c >&5
gcc.exe: error: unrecognized command-line option '-mlasx'
configure:21093: $? = 1
configure: failed program was:
| /* confdefs.h */
| #define PACKAGE_NAME ""
| #define PACKAGE_TARNAME ""
| #define PACKAGE_VERSION ""
| #define PACKAGE_STRING ""
| #define PACKAGE_BUGREPORT ""
| #define PACKAGE_URL ""
| #define HAVE_STDIO_H 1
| #define HAVE_STDLIB_H 1
| #define HAVE_STRING_H 1
| #define HAVE_INTTYPES_H 1
| #define HAVE_STDINT_H 1
| #define HAVE_STRINGS_H 1
| #define HAVE_SYS_STAT_H 1
| #define HAVE_SYS_TYPES_H 1
| #define HAVE_UNISTD_H 1
| #define STDC_HEADERS 1
| #define LT_OBJDIR ".libs/"
| #define _FILE_OFFSET_BITS 64
| #define HAVE_LIBC 1
| #define HAVE_SYS_TYPES_H 1
| #define HAVE_STDIO_H 1
| #define HAVE_STDLIB_H 1
| #define HAVE_STDDEF_H 1
| #define HAVE_STDARG_H 1
| #define HAVE_MALLOC_H 1
| #define HAVE_MEMORY_H 1
| #define HAVE_STRING_H 1
| #define HAVE_STRINGS_H 1
| #define HAVE_WCHAR_H 1
| #define HAVE_INTTYPES_H 1
| #define HAVE_STDINT_H 1
| #define HAVE_LIMITS_H 1
| #define HAVE_CTYPE_H 1
| #define HAVE_MATH_H 1
| #define HAVE_FLOAT_H 1
| #define HAVE_SIGNAL_H 1
| #define HAVE_M_PI /**/
| #define HAVE_ALLOCA 1
| #define HAVE_MALLOC 1
| #define HAVE_CALLOC 1
| #define HAVE_REALLOC 1
| #define HAVE_FREE 1
| #define HAVE_GETENV 1
| #define HAVE_PUTENV 1
| #define HAVE_BSEARCH 1
| #define HAVE_QSORT 1
| #define HAVE_ABS 1
| #define HAVE_MEMSET 1
| #define HAVE_MEMCMP 1
| #define HAVE_MEMCPY 1
| #define HAVE_MEMMOVE 1
| #define HAVE_WCSLEN 1
| #define HAVE__WCSDUP 1
| #define HAVE_WCSDUP 1
| #define HAVE_WCSSTR 1
| #define HAVE_WCSCMP 1
| #define HAVE_WCSNCMP 1
| #define HAVE__WCSICMP 1
| #define HAVE__WCSNICMP 1
| #define HAVE_STRLEN 1
| #define HAVE__STRREV 1
| #define HAVE__STRUPR 1
| #define HAVE__STRLWR 1
| #define HAVE_STRCHR 1
| #define HAVE_STRRCHR 1
| #define HAVE_STRSTR 1
| #define HAVE_STRTOK_R 1
| #define HAVE_ITOA 1
| #define HAVE__LTOA 1
| #define HAVE__ULTOA 1
| #define HAVE_STRTOD 1
| #define HAVE_STRTOL 1
| #define HAVE_STRTOUL 1
| #define HAVE__I64TOA 1
| #define HAVE__UI64TOA 1
| #define HAVE_STRTOLL 1
| #define HAVE_STRTOULL 1
| #define HAVE_ATOI 1
| #define HAVE_ATOF 1
| #define HAVE_STRCMP 1
| #define HAVE_STRNCMP 1
| #define HAVE__STRICMP 1
| #define HAVE_STRCASECMP 1
| #define HAVE__STRNICMP 1
| #define HAVE_STRNCASECMP 1
| #define HAVE_VSSCANF 1
| #define HAVE_VSNPRINTF 1
| #define HAVE_FOPEN64 1
| #define HAVE_FSEEKO 1
| #define HAVE_FSEEKO64 1
| #define HAVE_SETJMP 1
| #define HAVE_NANOSLEEP 1
| #define HAVE__EXIT 1
| #define HAVE_ACOS 1
| #define HAVE_ACOSF 1
| #define HAVE_ASIN 1
| #define HAVE_ASINF 1
| #define HAVE_ATAN 1
| #define HAVE_ATANF 1
| #define HAVE_ATAN2 1
| #define HAVE_ATAN2F 1
| #define HAVE_CEIL 1
| #define HAVE_CEILF 1
| #define HAVE_COPYSIGN 1
| #define HAVE_COPYSIGNF 1
| #define HAVE_COS 1
| #define HAVE_COSF 1
| #define HAVE_EXP 1
| #define HAVE_EXPF 1
| #define HAVE_FABS 1
| #define HAVE_FABSF 1
| #define HAVE_FLOOR 1
| #define HAVE_FLOORF 1
| #define HAVE_TRUNC 1
| #define HAVE_TRUNCF 1
| #define HAVE_FMOD 1
| #define HAVE_FMODF 1
| #define HAVE_LOG 1
| #define HAVE_LOGF 1
| #define HAVE_LOG10 1
| #define HAVE_LOG10F 1
| #define HAVE_LROUND 1
| #define HAVE_LROUNDF 1
| #define HAVE_POW 1
| #define HAVE_POWF 1
| #define HAVE_ROUND 1
| #define HAVE_ROUNDF 1
| #define HAVE_SCALBN 1
| #define HAVE_SCALBNF 1
| #define HAVE_SIN 1
| #define HAVE_SINF 1
| #define HAVE_SQRT 1
| #define HAVE_SQRTF 1
| #define HAVE_TAN 1
| #define HAVE_TANF 1
| #define HAVE_GCC_ATOMICS 1
| #define HAVE_IMMINTRIN_H 1
| /* end confdefs.h.  */
| 
|         #ifndef __loongarch_asx
|         #error Assembler CPP flag not enabled
|         #endif
| 
| int
| main (void)
| {
| 
|   ;
|   return 0;
| }
configure:21098: result: no
configure:21108: checking for lasxintrin.h
configure:21121: gcc -c -g -O2 -I./include -idirafter ./src/video/khronos   -I./include -idirafter ./src/video/khronos  conftest.c >&5
conftest.c:140:10: fatal error: lasxintrin.h: No such file or directory
  140 | #include <lasxintrin.h>
      |          ^~~~~~~~~~~~~~
compilation terminated.
configure:21121: $? = 1
configure: failed program was:
| /* confdefs.h */
| #define PACKAGE_NAME ""
| #define PACKAGE_TARNAME ""
| #define PACKAGE_VERSION ""
| #define PACKAGE_STRING ""
| #define PACKAGE_BUGREPORT ""
| #define PACKAGE_URL ""
| #define HAVE_STDIO_H 1
| #define HAVE_STDLIB_H 1
| #define HAVE_STRING_H 1
| #define HAVE_INTTYPES_H 1
| #define HAVE_STDINT_H 1
| #define HAVE_STRINGS_H 1
| #define HAVE_SYS_STAT_H 1
| #define HAVE_SYS_TYPES_H 1
| #define HAVE_UNISTD_H 1
| #define STDC_HEADERS 1
| #define LT_OBJDIR ".libs/"
| #define _FILE_OFFSET_BITS 64
| #define HAVE_LIBC 1
| #define HAVE_SYS_TYPES_H 1
| #define HAVE_STDIO_H 1
| #define HAVE_STDLIB_H 1
| #define HAVE_STDDEF_H 1
| #define HAVE_STDARG_H 1
| #define HAVE_MALLOC_H 1
| #define HAVE_MEMORY_H 1
| #define HAVE_STRING_H 1
| #define HAVE_STRINGS_H 1
| #define HAVE_WCHAR_H 1
| #define HAVE_INTTYPES_H 1
| #define HAVE_STDINT_H 1
| #define HAVE_LIMITS_H 1
| #define HAVE_CTYPE_H 1
| #define HAVE_MATH_H 1
| #define HAVE_FLOAT_H 1
| #define HAVE_SIGNAL_H 1
| #define HAVE_M_PI /**/
| #define HAVE_ALLOCA 1
| #define HAVE_MALLOC 1
| #define HAVE_CALLOC 1
| #define HAVE_REALLOC 1
| #define HAVE_FREE 1
| #define HAVE_GETENV 1
| #define HAVE_PUTENV 1
| #define HAVE_BSEARCH 1
| #define HAVE_QSORT 1
| #define HAVE_ABS 1
| #define HAVE_MEMSET 1
| #define HAVE_MEMCMP 1
| #define HAVE_MEMCPY 1
| #define HAVE_MEMMOVE 1
| #define HAVE_WCSLEN 1
| #define HAVE__WCSDUP 1
| #define HAVE_WCSDUP 1
| #define HAVE_WCSSTR 1
| #define HAVE_WCSCMP 1
| #define HAVE_WCSNCMP 1
| #define HAVE__WCSICMP 1
| #define HAVE__WCSNICMP 1
| #define HAVE_STRLEN 1
| #define HAVE__STRREV 1
| #define HAVE__STRUPR 1
| #define HAVE__STRLWR 1
| #define HAVE_STRCHR 1
| #define HAVE_STRRCHR 1
| #define HAVE_STRSTR 1
| #define HAVE_STRTOK_R 1
| #define HAVE_ITOA 1
| #define HAVE__LTOA 1
| #define HAVE__ULTOA 1
| #define HAVE_STRTOD 1
| #define HAVE_STRTOL 1
| #define HAVE_STRTOUL 1
| #define HAVE__I64TOA 1
| #define HAVE__UI64TOA 1
| #define HAVE_STRTOLL 1
| #define HAVE_STRTOULL 1
| #define HAVE_ATOI 1
| #define HAVE_ATOF 1
| #define HAVE_STRCMP 1
| #define HAVE_STRNCMP 1
| #define HAVE__STRICMP 1
| #define HAVE_STRCASECMP 1
| #define HAVE__STRNICMP 1
| #define HAVE_STRNCASECMP 1
| #define HAVE_VSSCANF 1
| #define HAVE_VSNPRINTF 1
| #define HAVE_FOPEN64 1
| #define HAVE_FSEEKO 1
| #define HAVE_FSEEKO64 1
| #define HAVE_SETJMP 1
| #define HAVE_NANOSLEEP 1
| #define HAVE__EXIT 1
| #define HAVE_ACOS 1
| #define HAVE_ACOSF 1
| #define HAVE_ASIN 1
| #define HAVE_ASINF 1
| #define HAVE_ATAN 1
| #define HAVE_ATANF 1
| #define HAVE_ATAN2 1
| #define HAVE_ATAN2F 1
| #define HAVE_CEIL 1
| #define HAVE_CEILF 1
| #define HAVE_COPYSIGN 1
| #define HAVE_COPYSIGNF 1
| #define HAVE_COS 1
| #define HAVE_COSF 1
| #define HAVE_EXP 1
| #define HAVE_EXPF 1
| #define HAVE_FABS 1
| #define HAVE_FABSF 1
| #define HAVE_FLOOR 1
| #define HAVE_FLOORF 1
| #define HAVE_TRUNC 1
| #define HAVE_TRUNCF 1
| #define HAVE_FMOD 1
| #define HAVE_FMODF 1
| #define HAVE_LOG 1
| #define HAVE_LOGF 1
| #define HAVE_LOG10 1
| #define HAVE_LOG10F 1
| #define HAVE_LROUND 1
| #define HAVE_LROUNDF 1
| #define HAVE_POW 1
| #define HAVE_POWF 1
| #define HAVE_ROUND 1
| #define HAVE_ROUNDF 1
| #define HAVE_SCALBN 1
| #define HAVE_SCALBNF 1
| #define HAVE_SIN 1
| #define HAVE_SINF 1
| #define HAVE_SQRT 1
| #define HAVE_SQRTF 1
| #define HAVE_TAN 1
| #define HAVE_TANF 1
| #define HAVE_GCC_ATOMICS 1
| #define HAVE_IMMINTRIN_H 1
| /* end confdefs.h.  */
| #include <lasxintrin.h>
| int
| main (void)
| {
| 
|   ;
|   return 0;
| }
configure:21128: result: no
configure:23146: checking for GCC -Wall option
configure:23165: gcc -c -g -O2 -I./include -idirafter ./src/video/khronos  -Wall  -I./include -idirafter ./src/video/khronos  conftest.c >&5
configure:23165: $? = 0
configure:23170: result: yes
configure:23177: checking for necessary GCC -Wno-multichar option
configure:23185: result: no
configure:23195: checking for GCC -Wunused-local-typedefs option
configure:23214: gcc -c -g -O2 -I./include -idirafter ./src/video/khronos  -Wunused-local-typedefs  -I./include -idirafter ./src/video/khronos  conftest.c >&5
configure:23214: $? = 0
configure:23219: result: yes
configure:22996: checking for GCC -fno-strict-aliasing option
configure:23015: gcc -c -g -O2 -I./include -idirafter ./src/video/khronos  -fno-strict-aliasing  -I./include -idirafter ./src/video/khronos  conftest.c >&5
configure:23015: $? = 0
configure:23020: result: yes
configure:22923: checking for GCC -gdwarf-4 option
configure:22942: gcc -c -g -O2 -I./include -idirafter ./src/video/khronos  -gdwarf-4  -I./include -idirafter ./src/video/khronos  conftest.c >&5
configure:22942: $? = 0
configure:22947: result: yes
configure:23111: checking for GCC -Wdeclaration-after-statement option
configure:23130: gcc -c -g -O2 -I./include -idirafter ./src/video/khronos  -Wdeclaration-after-statement -Werror=declaration-after-statement  -I./include -idirafter ./src/video/khronos  conftest.c >&5
configure:23130: $? = 0
configure:23135: result: yes
configure:27382: checking Windows compiler
configure:27398: gcc -c -g -O2 -I./include -idirafter ./src/video/khronos   -I./include -idirafter ./src/video/khronos  conftest.c >&5
configure:27398: $? = 0
configure:27403: result: yes
configure:27411: checking Windows CE
configure:27429: gcc -c -g -O2 -I./include -idirafter ./src/video/khronos   -I./include -idirafter ./src/video/khronos  conftest.c >&5
conftest.c:146:2: error: #error This is not Windows CE
  146 | #error This is not Windows CE
      |  ^~~~~
configure:27429: $? = 1
configure: failed program was:
| /* confdefs.h */
| #define PACKAGE_NAME ""
| #define PACKAGE_TARNAME ""
| #define PACKAGE_VERSION ""
| #define PACKAGE_STRING ""
| #define PACKAGE_BUGREPORT ""
| #define PACKAGE_URL ""
| #define HAVE_STDIO_H 1
| #define HAVE_STDLIB_H 1
| #define HAVE_STRING_H 1
| #define HAVE_INTTYPES_H 1
| #define HAVE_STDINT_H 1
| #define HAVE_STRINGS_H 1
| #define HAVE_SYS_STAT_H 1
| #define HAVE_SYS_TYPES_H 1
| #define HAVE_UNISTD_H 1
| #define STDC_HEADERS 1
| #define LT_OBJDIR ".libs/"
| #define _FILE_OFFSET_BITS 64
| #define HAVE_LIBC 1
| #define HAVE_SYS_TYPES_H 1
| #define HAVE_STDIO_H 1
| #define HAVE_STDLIB_H 1
| #define HAVE_STDDEF_H 1
| #define HAVE_STDARG_H 1
| #define HAVE_MALLOC_H 1
| #define HAVE_MEMORY_H 1
| #define HAVE_STRING_H 1
| #define HAVE_STRINGS_H 1
| #define HAVE_WCHAR_H 1
| #define HAVE_INTTYPES_H 1
| #define HAVE_STDINT_H 1
| #define HAVE_LIMITS_H 1
| #define HAVE_CTYPE_H 1
| #define HAVE_MATH_H 1
| #define HAVE_FLOAT_H 1
| #define HAVE_SIGNAL_H 1
| #define HAVE_M_PI /**/
| #define HAVE_ALLOCA 1
| #define HAVE_MALLOC 1
| #define HAVE_CALLOC 1
| #define HAVE_REALLOC 1
| #define HAVE_FREE 1
| #define HAVE_GETENV 1
| #define HAVE_PUTENV 1
| #define HAVE_BSEARCH 1
| #define HAVE_QSORT 1
| #define HAVE_ABS 1
| #define HAVE_MEMSET 1
| #define HAVE_MEMCMP 1
| #define HAVE_MEMCPY 1
| #define HAVE_MEMMOVE 1
| #define HAVE_WCSLEN 1
| #define HAVE__WCSDUP 1
| #define HAVE_WCSDUP 1
| #define HAVE_WCSSTR 1
| #define HAVE_WCSCMP 1
| #define HAVE_WCSNCMP 1
| #define HAVE__WCSICMP 1
| #define HAVE__WCSNICMP 1
| #define HAVE_STRLEN 1
| #define HAVE__STRREV 1
| #define HAVE__STRUPR 1
| #define HAVE__STRLWR 1
| #define HAVE_STRCHR 1
| #define HAVE_STRRCHR 1
| #define HAVE_STRSTR 1
| #define HAVE_STRTOK_R 1
| #define HAVE_ITOA 1
| #define HAVE__LTOA 1
| #define HAVE__ULTOA 1
| #define HAVE_STRTOD 1
| #define HAVE_STRTOL 1
| #define HAVE_STRTOUL 1
| #define HAVE__I64TOA 1
| #define HAVE__UI64TOA 1
| #define HAVE_STRTOLL 1
| #define HAVE_STRTOULL 1
| #define HAVE_ATOI 1
| #define HAVE_ATOF 1
| #define HAVE_STRCMP 1
| #define HAVE_STRNCMP 1
| #define HAVE__STRICMP 1
| #define HAVE_STRCASECMP 1
| #define HAVE__STRNICMP 1
| #define HAVE_STRNCASECMP 1
| #define HAVE_VSSCANF 1
| #define HAVE_VSNPRINTF 1
| #define HAVE_FOPEN64 1
| #define HAVE_FSEEKO 1
| #define HAVE_FSEEKO64 1
| #define HAVE_SETJMP 1
| #define HAVE_NANOSLEEP 1
| #define HAVE__EXIT 1
| #define HAVE_ACOS 1
| #define HAVE_ACOSF 1
| #define HAVE_ASIN 1
| #define HAVE_ASINF 1
| #define HAVE_ATAN 1
| #define HAVE_ATANF 1
| #define HAVE_ATAN2 1
| #define HAVE_ATAN2F 1
| #define HAVE_CEIL 1
| #define HAVE_CEILF 1
| #define HAVE_COPYSIGN 1
| #define HAVE_COPYSIGNF 1
| #define HAVE_COS 1
| #define HAVE_COSF 1
| #define HAVE_EXP 1
| #define HAVE_EXPF 1
| #define HAVE_FABS 1
| #define HAVE_FABSF 1
| #define HAVE_FLOOR 1
| #define HAVE_FLOORF 1
| #define HAVE_TRUNC 1
| #define HAVE_TRUNCF 1
| #define HAVE_FMOD 1
| #define HAVE_FMODF 1
| #define HAVE_LOG 1
| #define HAVE_LOGF 1
| #define HAVE_LOG10 1
| #define HAVE_LOG10F 1
| #define HAVE_LROUND 1
| #define HAVE_LROUNDF 1
| #define HAVE_POW 1
| #define HAVE_POWF 1
| #define HAVE_ROUND 1
| #define HAVE_ROUNDF 1
| #define HAVE_SCALBN 1
| #define HAVE_SCALBNF 1
| #define HAVE_SIN 1
| #define HAVE_SINF 1
| #define HAVE_SQRT 1
| #define HAVE_SQRTF 1
| #define HAVE_TAN 1
| #define HAVE_TANF 1
| #define HAVE_GCC_ATOMICS 1
| #define HAVE_IMMINTRIN_H 1
| #define SDL_VIDEO_DRIVER_DUMMY 1
| #define SDL_VIDEO_DRIVER_OFFSCREEN 1
| #define SDL_AUDIO_DRIVER_DISK 1
| #define SDL_AUDIO_DRIVER_DUMMY 1
| /* end confdefs.h.  */
| 
| #if !defined(_WIN32_WCE) && !defined(__MINGW32CE__)
| #error This is not Windows CE
| #endif
| 
| int
| main (void)
| {
| 
|   ;
|   return 0;
| }
configure:27439: result: no
configure:27443: checking for tpcshrd.h
configure:27443: gcc -c -g -O2 -I./include -idirafter ./src/video/khronos   -I./include -idirafter ./src/video/khronos  conftest.c >&5
configure:27443: $? = 0
configure:27443: result: yes
configure:27454: checking for roapi.h
configure:27454: gcc -c -g -O2 -I./include -idirafter ./src/video/khronos   -I./include -idirafter ./src/video/khronos  conftest.c >&5
configure:27454: $? = 0
configure:27454: result: yes
configure:27465: checking for shellscalingapi.h
configure:27465: gcc -c -g -O2 -I./include -idirafter ./src/video/khronos   -I./include -idirafter ./src/video/khronos  conftest.c >&5
configure:27465: $? = 0
configure:27465: result: yes
configure:26124: checking for EGL support
configure:26140: gcc -c -g -O2 -I./include -idirafter ./src/video/khronos   -I./include -idirafter ./src/video/khronos  conftest.c >&5
configure:26140: $? = 0
configure:26145: result: yes
configure:26157: checking for OpenGL ES v2 headers
configure:26174: gcc -c -g -O2 -I./include -idirafter ./src/video/khronos   -I./include -idirafter ./src/video/khronos  conftest.c >&5
configure:26174: $? = 0
configure:26179: result: yes
configure:27519: checking for d3d9.h
configure:27519: gcc -c -g -O2 -I./include -idirafter ./src/video/khronos   -I./include -idirafter ./src/video/khronos  conftest.c >&5
configure:27519: $? = 0
configure:27519: result: yes
configure:27525: checking for d3d11_1.h
configure:27525: gcc -c -g -O2 -I./include -idirafter ./src/video/khronos   -I./include -idirafter ./src/video/khronos  conftest.c >&5
configure:27525: $? = 0
configure:27525: result: yes
configure:27531: checking for d3d12 Windows SDK version
configure:27552: gcc -c -g -O2 -I./include -idirafter ./src/video/khronos   -I./include -idirafter ./src/video/khronos  conftest.c >&5
configure:27552: $? = 0
configure:27559: result: yes
configure:27561: checking for ddraw.h
configure:27561: gcc -c -g -O2 -I./include -idirafter ./src/video/khronos   -I./include -idirafter ./src/video/khronos  conftest.c >&5
configure:27561: $? = 0
configure:27561: result: yes
configure:27567: checking for dsound.h
configure:27567: gcc -c -g -O2 -I./include -idirafter ./src/video/khronos   -I./include -idirafter ./src/video/khronos  conftest.c >&5
configure:27567: $? = 0
configure:27567: result: yes
configure:27573: checking for dinput.h
configure:27573: gcc -c -g -O2 -I./include -idirafter ./src/video/khronos   -I./include -idirafter ./src/video/khronos  conftest.c >&5
configure:27573: $? = 0
configure:27573: result: yes
configure:27579: checking for dxgi.h
configure:27579: gcc -c -g -O2 -I./include -idirafter ./src/video/khronos   -I./include -idirafter ./src/video/khronos  conftest.c >&5
configure:27579: $? = 0
configure:27579: result: yes
configure:27627: checking for xinput.h
configure:27627: gcc -c -g -O2 -I./include -idirafter ./src/video/khronos   -I./include -idirafter ./src/video/khronos  conftest.c >&5
configure:27627: $? = 0
configure:27627: result: yes
configure:27633: checking for struct XINPUT_GAMEPAD_EX
configure:27650: gcc -c -g -O2 -I./include -idirafter ./src/video/khronos   -I./include -idirafter ./src/video/khronos  conftest.c >&5
conftest.c:162:1: error: unknown type name 'XINPUT_GAMEPAD_EX'; did you mean 'XINPUT_GAMEPAD_X'?
  162 | XINPUT_GAMEPAD_EX x1;
      | ^~~~~~~~~~~~~~~~~
      | XINPUT_GAMEPAD_X
configure:27650: $? = 1
configure: failed program was:
| /* confdefs.h */
| #define PACKAGE_NAME ""
| #define PACKAGE_TARNAME ""
| #define PACKAGE_VERSION ""
| #define PACKAGE_STRING ""
| #define PACKAGE_BUGREPORT ""
| #define PACKAGE_URL ""
| #define HAVE_STDIO_H 1
| #define HAVE_STDLIB_H 1
| #define HAVE_STRING_H 1
| #define HAVE_INTTYPES_H 1
| #define HAVE_STDINT_H 1
| #define HAVE_STRINGS_H 1
| #define HAVE_SYS_STAT_H 1
| #define HAVE_SYS_TYPES_H 1
| #define HAVE_UNISTD_H 1
| #define STDC_HEADERS 1
| #define LT_OBJDIR ".libs/"
| #define _FILE_OFFSET_BITS 64
| #define HAVE_LIBC 1
| #define HAVE_SYS_TYPES_H 1
| #define HAVE_STDIO_H 1
| #define HAVE_STDLIB_H 1
| #define HAVE_STDDEF_H 1
| #define HAVE_STDARG_H 1
| #define HAVE_MALLOC_H 1
| #define HAVE_MEMORY_H 1
| #define HAVE_STRING_H 1
| #define HAVE_STRINGS_H 1
| #define HAVE_WCHAR_H 1
| #define HAVE_INTTYPES_H 1
| #define HAVE_STDINT_H 1
| #define HAVE_LIMITS_H 1
| #define HAVE_CTYPE_H 1
| #define HAVE_MATH_H 1
| #define HAVE_FLOAT_H 1
| #define HAVE_SIGNAL_H 1
| #define HAVE_M_PI /**/
| #define HAVE_ALLOCA 1
| #define HAVE_MALLOC 1
| #define HAVE_CALLOC 1
| #define HAVE_REALLOC 1
| #define HAVE_FREE 1
| #define HAVE_GETENV 1
| #define HAVE_PUTENV 1
| #define HAVE_BSEARCH 1
| #define HAVE_QSORT 1
| #define HAVE_ABS 1
| #define HAVE_MEMSET 1
| #define HAVE_MEMCMP 1
| #define HAVE_MEMCPY 1
| #define HAVE_MEMMOVE 1
| #define HAVE_WCSLEN 1
| #define HAVE__WCSDUP 1
| #define HAVE_WCSDUP 1
| #define HAVE_WCSSTR 1
| #define HAVE_WCSCMP 1
| #define HAVE_WCSNCMP 1
| #define HAVE__WCSICMP 1
| #define HAVE__WCSNICMP 1
| #define HAVE_STRLEN 1
| #define HAVE__STRREV 1
| #define HAVE__STRUPR 1
| #define HAVE__STRLWR 1
| #define HAVE_STRCHR 1
| #define HAVE_STRRCHR 1
| #define HAVE_STRSTR 1
| #define HAVE_STRTOK_R 1
| #define HAVE_ITOA 1
| #define HAVE__LTOA 1
| #define HAVE__ULTOA 1
| #define HAVE_STRTOD 1
| #define HAVE_STRTOL 1
| #define HAVE_STRTOUL 1
| #define HAVE__I64TOA 1
| #define HAVE__UI64TOA 1
| #define HAVE_STRTOLL 1
| #define HAVE_STRTOULL 1
| #define HAVE_ATOI 1
| #define HAVE_ATOF 1
| #define HAVE_STRCMP 1
| #define HAVE_STRNCMP 1
| #define HAVE__STRICMP 1
| #define HAVE_STRCASECMP 1
| #define HAVE__STRNICMP 1
| #define HAVE_STRNCASECMP 1
| #define HAVE_VSSCANF 1
| #define HAVE_VSNPRINTF 1
| #define HAVE_FOPEN64 1
| #define HAVE_FSEEKO 1
| #define HAVE_FSEEKO64 1
| #define HAVE_SETJMP 1
| #define HAVE_NANOSLEEP 1
| #define HAVE__EXIT 1
| #define HAVE_ACOS 1
| #define HAVE_ACOSF 1
| #define HAVE_ASIN 1
| #define HAVE_ASINF 1
| #define HAVE_ATAN 1
| #define HAVE_ATANF 1
| #define HAVE_ATAN2 1
| #define HAVE_ATAN2F 1
| #define HAVE_CEIL 1
| #define HAVE_CEILF 1
| #define HAVE_COPYSIGN 1
| #define HAVE_COPYSIGNF 1
| #define HAVE_COS 1
| #define HAVE_COSF 1
| #define HAVE_EXP 1
| #define HAVE_EXPF 1
| #define HAVE_FABS 1
| #define HAVE_FABSF 1
| #define HAVE_FLOOR 1
| #define HAVE_FLOORF 1
| #define HAVE_TRUNC 1
| #define HAVE_TRUNCF 1
| #define HAVE_FMOD 1
| #define HAVE_FMODF 1
| #define HAVE_LOG 1
| #define HAVE_LOGF 1
| #define HAVE_LOG10 1
| #define HAVE_LOG10F 1
| #define HAVE_LROUND 1
| #define HAVE_LROUNDF 1
| #define HAVE_POW 1
| #define HAVE_POWF 1
| #define HAVE_ROUND 1
| #define HAVE_ROUNDF 1
| #define HAVE_SCALBN 1
| #define HAVE_SCALBNF 1
| #define HAVE_SIN 1
| #define HAVE_SINF 1
| #define HAVE_SQRT 1
| #define HAVE_SQRTF 1
| #define HAVE_TAN 1
| #define HAVE_TANF 1
| #define HAVE_GCC_ATOMICS 1
| #define HAVE_IMMINTRIN_H 1
| #define SDL_VIDEO_DRIVER_DUMMY 1
| #define SDL_VIDEO_DRIVER_OFFSCREEN 1
| #define SDL_AUDIO_DRIVER_DISK 1
| #define SDL_AUDIO_DRIVER_DUMMY 1
| #define HAVE_TPCSHRD_H 1
| #define HAVE_ROAPI_H 1
| #define SDL_VIDEO_OPENGL 1
| #define SDL_VIDEO_OPENGL_WGL 1
| #define SDL_VIDEO_RENDER_OGL 1
| #define SDL_VIDEO_OPENGL 1
| #define SDL_VIDEO_OPENGL_EGL 1
| #define SDL_VIDEO_OPENGL 1
| #define SDL_VIDEO_OPENGL_ES2 1
| #define SDL_VIDEO_RENDER_OGL_ES2 1
| #define SDL_VIDEO_VULKAN 1
| #define HAVE_DDRAW_H 1
| #define HAVE_DINPUT_H 1
| #define HAVE_DSOUND_H 1
| #define HAVE_DXGI_H 1
| /* end confdefs.h.  */
| 
| #include <windows.h>
| #include <xinput.h>
| XINPUT_GAMEPAD_EX x1;
| 
| int
| main (void)
| {
| 
|   ;
|   return 0;
| }
configure:27655: result: no
configure:27657: checking for struct XINPUT_STATE_EX
configure:27674: gcc -c -g -O2 -I./include -idirafter ./src/video/khronos   -I./include -idirafter ./src/video/khronos  conftest.c >&5
conftest.c:162:1: error: unknown type name 'XINPUT_STATE_EX'; did you mean 'XINPUT_STATE'?
  162 | XINPUT_STATE_EX s1;
      | ^~~~~~~~~~~~~~~
      | XINPUT_STATE
configure:27674: $? = 1
configure: failed program was:
| /* confdefs.h */
| #define PACKAGE_NAME ""
| #define PACKAGE_TARNAME ""
| #define PACKAGE_VERSION ""
| #define PACKAGE_STRING ""
| #define PACKAGE_BUGREPORT ""
| #define PACKAGE_URL ""
| #define HAVE_STDIO_H 1
| #define HAVE_STDLIB_H 1
| #define HAVE_STRING_H 1
| #define HAVE_INTTYPES_H 1
| #define HAVE_STDINT_H 1
| #define HAVE_STRINGS_H 1
| #define HAVE_SYS_STAT_H 1
| #define HAVE_SYS_TYPES_H 1
| #define HAVE_UNISTD_H 1
| #define STDC_HEADERS 1
| #define LT_OBJDIR ".libs/"
| #define _FILE_OFFSET_BITS 64
| #define HAVE_LIBC 1
| #define HAVE_SYS_TYPES_H 1
| #define HAVE_STDIO_H 1
| #define HAVE_STDLIB_H 1
| #define HAVE_STDDEF_H 1
| #define HAVE_STDARG_H 1
| #define HAVE_MALLOC_H 1
| #define HAVE_MEMORY_H 1
| #define HAVE_STRING_H 1
| #define HAVE_STRINGS_H 1
| #define HAVE_WCHAR_H 1
| #define HAVE_INTTYPES_H 1
| #define HAVE_STDINT_H 1
| #define HAVE_LIMITS_H 1
| #define HAVE_CTYPE_H 1
| #define HAVE_MATH_H 1
| #define HAVE_FLOAT_H 1
| #define HAVE_SIGNAL_H 1
| #define HAVE_M_PI /**/
| #define HAVE_ALLOCA 1
| #define HAVE_MALLOC 1
| #define HAVE_CALLOC 1
| #define HAVE_REALLOC 1
| #define HAVE_FREE 1
| #define HAVE_GETENV 1
| #define HAVE_PUTENV 1
| #define HAVE_BSEARCH 1
| #define HAVE_QSORT 1
| #define HAVE_ABS 1
| #define HAVE_MEMSET 1
| #define HAVE_MEMCMP 1
| #define HAVE_MEMCPY 1
| #define HAVE_MEMMOVE 1
| #define HAVE_WCSLEN 1
| #define HAVE__WCSDUP 1
| #define HAVE_WCSDUP 1
| #define HAVE_WCSSTR 1
| #define HAVE_WCSCMP 1
| #define HAVE_WCSNCMP 1
| #define HAVE__WCSICMP 1
| #define HAVE__WCSNICMP 1
| #define HAVE_STRLEN 1
| #define HAVE__STRREV 1
| #define HAVE__STRUPR 1
| #define HAVE__STRLWR 1
| #define HAVE_STRCHR 1
| #define HAVE_STRRCHR 1
| #define HAVE_STRSTR 1
| #define HAVE_STRTOK_R 1
| #define HAVE_ITOA 1
| #define HAVE__LTOA 1
| #define HAVE__ULTOA 1
| #define HAVE_STRTOD 1
| #define HAVE_STRTOL 1
| #define HAVE_STRTOUL 1
| #define HAVE__I64TOA 1
| #define HAVE__UI64TOA 1
| #define HAVE_STRTOLL 1
| #define HAVE_STRTOULL 1
| #define HAVE_ATOI 1
| #define HAVE_ATOF 1
| #define HAVE_STRCMP 1
| #define HAVE_STRNCMP 1
| #define HAVE__STRICMP 1
| #define HAVE_STRCASECMP 1
| #define HAVE__STRNICMP 1
| #define HAVE_STRNCASECMP 1
| #define HAVE_VSSCANF 1
| #define HAVE_VSNPRINTF 1
| #define HAVE_FOPEN64 1
| #define HAVE_FSEEKO 1
| #define HAVE_FSEEKO64 1
| #define HAVE_SETJMP 1
| #define HAVE_NANOSLEEP 1
| #define HAVE__EXIT 1
| #define HAVE_ACOS 1
| #define HAVE_ACOSF 1
| #define HAVE_ASIN 1
| #define HAVE_ASINF 1
| #define HAVE_ATAN 1
| #define HAVE_ATANF 1
| #define HAVE_ATAN2 1
| #define HAVE_ATAN2F 1
| #define HAVE_CEIL 1
| #define HAVE_CEILF 1
| #define HAVE_COPYSIGN 1
| #define HAVE_COPYSIGNF 1
| #define HAVE_COS 1
| #define HAVE_COSF 1
| #define HAVE_EXP 1
| #define HAVE_EXPF 1
| #define HAVE_FABS 1
| #define HAVE_FABSF 1
| #define HAVE_FLOOR 1
| #define HAVE_FLOORF 1
| #define HAVE_TRUNC 1
| #define HAVE_TRUNCF 1
| #define HAVE_FMOD 1
| #define HAVE_FMODF 1
| #define HAVE_LOG 1
| #define HAVE_LOGF 1
| #define HAVE_LOG10 1
| #define HAVE_LOG10F 1
| #define HAVE_LROUND 1
| #define HAVE_LROUNDF 1
| #define HAVE_POW 1
| #define HAVE_POWF 1
| #define HAVE_ROUND 1
| #define HAVE_ROUNDF 1
| #define HAVE_SCALBN 1
| #define HAVE_SCALBNF 1
| #define HAVE_SIN 1
| #define HAVE_SINF 1
| #define HAVE_SQRT 1
| #define HAVE_SQRTF 1
| #define HAVE_TAN 1
| #define HAVE_TANF 1
| #define HAVE_GCC_ATOMICS 1
| #define HAVE_IMMINTRIN_H 1
| #define SDL_VIDEO_DRIVER_DUMMY 1
| #define SDL_VIDEO_DRIVER_OFFSCREEN 1
| #define SDL_AUDIO_DRIVER_DISK 1
| #define SDL_AUDIO_DRIVER_DUMMY 1
| #define HAVE_TPCSHRD_H 1
| #define HAVE_ROAPI_H 1
| #define SDL_VIDEO_OPENGL 1
| #define SDL_VIDEO_OPENGL_WGL 1
| #define SDL_VIDEO_RENDER_OGL 1
| #define SDL_VIDEO_OPENGL 1
| #define SDL_VIDEO_OPENGL_EGL 1
| #define SDL_VIDEO_OPENGL 1
| #define SDL_VIDEO_OPENGL_ES2 1
| #define SDL_VIDEO_RENDER_OGL_ES2 1
| #define SDL_VIDEO_VULKAN 1
| #define HAVE_DDRAW_H 1
| #define HAVE_DINPUT_H 1
| #define HAVE_DSOUND_H 1
| #define HAVE_DXGI_H 1
| /* end confdefs.h.  */
| 
| #include <windows.h>
| #include <xinput.h>
| XINPUT_STATE_EX s1;
| 
| int
| main (void)
| {
| 
|   ;
|   return 0;
| }
configure:27679: result: no
configure:27699: checking for windows.gaming.input.h
configure:27716: gcc -c -g -O2 -I./include -idirafter ./src/video/khronos   -I./include -idirafter ./src/video/khronos  conftest.c >&5
configure:27716: $? = 0
configure:27723: result: yes
configure:27732: checking for mmdeviceapi.h
configure:27732: gcc -c -g -O2 -I./include -idirafter ./src/video/khronos   -I./include -idirafter ./src/video/khronos  conftest.c >&5
configure:27732: $? = 0
configure:27732: result: yes
configure:27743: checking for audioclient.h
configure:27743: gcc -c -g -O2 -I./include -idirafter ./src/video/khronos   -I./include -idirafter ./src/video/khronos  conftest.c >&5
configure:27743: $? = 0
configure:27743: result: yes
configure:28379: checking for hidapi joystick support
configure:28381: result: yes
configure:29015: checking for sensorsapi.h
configure:29015: gcc -c -g -O2 -I./include -idirafter ./src/video/khronos   -I./include -idirafter ./src/video/khronos  conftest.c >&5
configure:29015: $? = 0
configure:29015: result: yes
configure:29094: checking for main in -lmingw32
configure:29114: gcc -o conftest.exe -g -O2 -I./include -idirafter ./src/video/khronos   -I./include -idirafter ./src/video/khronos   conftest.c -lmingw32   -lm >&5
configure:29114: $? = 0
configure:29124: result: yes
configure:29707: checking whether to install sdl2-config
configure:29722: result: yes
configure:30276: creating ./config.status

## ---------------------- ##
## Running config.status. ##
## ---------------------- ##

This file was extended by config.status, which was
generated by GNU Autoconf 2.71.  Invocation command line was

  CONFIG_FILES    = 
  CONFIG_HEADERS  = 
  CONFIG_LINKS    = 
  CONFIG_COMMANDS = 
  $ ./config.status 

on DESKTOP-9Q2IBVF

config.status:1468: creating Makefile
config.status:1468: creating sdl2-config
config.status:1468: creating sdl2-config.cmake
config.status:1468: creating sdl2-config-version.cmake
config.status:1468: creating SDL2.spec
config.status:1468: creating sdl2.pc
config.status:1468: creating include/SDL_config.h
config.status:1657: executing libtool commands
config.status:1657: executing sdl2_config commands
config.status:1657: executing summary commands

## ---------------- ##
## Cache variables. ##
## ---------------- ##

ac_cv_build=x86_64-pc-mingw64
ac_cv_c_compiler_gnu=yes
ac_cv_c_const=yes
ac_cv_c_inline=inline
ac_cv_c_volatile=yes
ac_cv_cxx_compiler_gnu=yes
ac_cv_define_M_PI=yes
ac_cv_env_CCC_set=
ac_cv_env_CCC_value=
ac_cv_env_CC_set=
ac_cv_env_CC_value=
ac_cv_env_CFLAGS_set=
ac_cv_env_CFLAGS_value=
ac_cv_env_CPPFLAGS_set=
ac_cv_env_CPPFLAGS_value=
ac_cv_env_CPP_set=
ac_cv_env_CPP_value=
ac_cv_env_CXXCPP_set=
ac_cv_env_CXXCPP_value=
ac_cv_env_CXXFLAGS_set=
ac_cv_env_CXXFLAGS_value=
ac_cv_env_CXX_set=
ac_cv_env_CXX_value=
ac_cv_env_DBUS_CFLAGS_set=
ac_cv_env_DBUS_CFLAGS_value=
ac_cv_env_DBUS_LIBS_set=
ac_cv_env_DBUS_LIBS_value=
ac_cv_env_DECOR_CFLAGS_set=
ac_cv_env_DECOR_CFLAGS_value=
ac_cv_env_DECOR_LIBS_set=
ac_cv_env_DECOR_LIBS_value=
ac_cv_env_DIRECTFB_CFLAGS_set=
ac_cv_env_DIRECTFB_CFLAGS_value=
ac_cv_env_DIRECTFB_LIBS_set=
ac_cv_env_DIRECTFB_LIBS_value=
ac_cv_env_ESD_CFLAGS_set=
ac_cv_env_ESD_CFLAGS_value=
ac_cv_env_ESD_LIBS_set=
ac_cv_env_ESD_LIBS_value=
ac_cv_env_FUSIONSOUND_CFLAGS_set=
ac_cv_env_FUSIONSOUND_CFLAGS_value=
ac_cv_env_FUSIONSOUND_LIBS_set=
ac_cv_env_FUSIONSOUND_LIBS_value=
ac_cv_env_IBUS_CFLAGS_set=
ac_cv_env_IBUS_CFLAGS_value=
ac_cv_env_IBUS_LIBS_set=
ac_cv_env_IBUS_LIBS_value=
ac_cv_env_JACK_CFLAGS_set=
ac_cv_env_JACK_CFLAGS_value=
ac_cv_env_JACK_LIBS_set=
ac_cv_env_JACK_LIBS_value=
ac_cv_env_LDFLAGS_set=
ac_cv_env_LDFLAGS_value=
ac_cv_env_LIBDRM_CFLAGS_set=
ac_cv_env_LIBDRM_CFLAGS_value=
ac_cv_env_LIBDRM_LIBS_set=
ac_cv_env_LIBDRM_LIBS_value=
ac_cv_env_LIBGBM_CFLAGS_set=
ac_cv_env_LIBGBM_CFLAGS_value=
ac_cv_env_LIBGBM_LIBS_set=
ac_cv_env_LIBGBM_LIBS_value=
ac_cv_env_LIBS_set=
ac_cv_env_LIBS_value=
ac_cv_env_LIBUSB_CFLAGS_set=
ac_cv_env_LIBUSB_CFLAGS_value=
ac_cv_env_LIBUSB_LIBS_set=
ac_cv_env_LIBUSB_LIBS_value=
ac_cv_env_LT_SYS_LIBRARY_PATH_set=
ac_cv_env_LT_SYS_LIBRARY_PATH_value=
ac_cv_env_PIPEWIRE_CFLAGS_set=
ac_cv_env_PIPEWIRE_CFLAGS_value=
ac_cv_env_PIPEWIRE_LIBS_set=
ac_cv_env_PIPEWIRE_LIBS_value=
ac_cv_env_PKG_CONFIG_LIBDIR_set=
ac_cv_env_PKG_CONFIG_LIBDIR_value=
ac_cv_env_PKG_CONFIG_PATH_set=set
ac_cv_env_PKG_CONFIG_PATH_value=/mingw64/lib/pkgconfig:/mingw64/share/pkgconfig
ac_cv_env_PKG_CONFIG_set=
ac_cv_env_PKG_CONFIG_value=
ac_cv_env_PULSEAUDIO_CFLAGS_set=
ac_cv_env_PULSEAUDIO_CFLAGS_value=
ac_cv_env_PULSEAUDIO_LIBS_set=
ac_cv_env_PULSEAUDIO_LIBS_value=
ac_cv_env_RPI_CFLAGS_set=
ac_cv_env_RPI_CFLAGS_value=
ac_cv_env_RPI_LIBS_set=
ac_cv_env_RPI_LIBS_value=
ac_cv_env_SNDIO_CFLAGS_set=
ac_cv_env_SNDIO_CFLAGS_value=
ac_cv_env_SNDIO_LIBS_set=
ac_cv_env_SNDIO_LIBS_value=
ac_cv_env_XMKMF_set=
ac_cv_env_XMKMF_value=
ac_cv_env_build_alias_set=
ac_cv_env_build_alias_value=
ac_cv_env_host_alias_set=
ac_cv_env_host_alias_value=
ac_cv_env_target_alias_set=
ac_cv_env_target_alias_value=
ac_cv_exeext=.exe
ac_cv_func__Exit=yes
ac_cv_func__i64toa=yes
ac_cv_func__ltoa=yes
ac_cv_func__stricmp=yes
ac_cv_func__strlwr=yes
ac_cv_func__strnicmp=yes
ac_cv_func__strrev=yes
ac_cv_func__strupr=yes
ac_cv_func__ui64toa=yes
ac_cv_func__uitoa=no
ac_cv_func__ultoa=yes
ac_cv_func__wcsdup=yes
ac_cv_func__wcsicmp=yes
ac_cv_func__wcsnicmp=yes
ac_cv_func_abs=yes
ac_cv_func_acos=yes
ac_cv_func_acosf=yes
ac_cv_func_alloca_works=yes
ac_cv_func_asin=yes
ac_cv_func_asinf=yes
ac_cv_func_atan2=yes
ac_cv_func_atan2f=yes
ac_cv_func_atan=yes
ac_cv_func_atanf=yes
ac_cv_func_atof=yes
ac_cv_func_atoi=yes
ac_cv_func_bcopy=no
ac_cv_func_bsearch=yes
ac_cv_func_calloc=yes
ac_cv_func_ceil=yes
ac_cv_func_ceilf=yes
ac_cv_func_copysign=yes
ac_cv_func_copysignf=yes
ac_cv_func_cos=yes
ac_cv_func_cosf=yes
ac_cv_func_elf_aux_info=no
ac_cv_func_exp=yes
ac_cv_func_expf=yes
ac_cv_func_fabs=yes
ac_cv_func_fabsf=yes
ac_cv_func_floor=yes
ac_cv_func_floorf=yes
ac_cv_func_fmod=yes
ac_cv_func_fmodf=yes
ac_cv_func_fopen64=yes
ac_cv_func_free=yes
ac_cv_func_fseeko64=yes
ac_cv_func_fseeko=yes
ac_cv_func_getauxval=no
ac_cv_func_getenv=yes
ac_cv_func_iconv=no
ac_cv_func_index=no
ac_cv_func_itoa=yes
ac_cv_func_log10=yes
ac_cv_func_log10f=yes
ac_cv_func_log=yes
ac_cv_func_logf=yes
ac_cv_func_lround=yes
ac_cv_func_lroundf=yes
ac_cv_func_malloc=yes
ac_cv_func_memcmp=yes
ac_cv_func_memcpy=yes
ac_cv_func_memmove=yes
ac_cv_func_memset=yes
ac_cv_func_mprotect=yes
ac_cv_func_nanosleep=yes
ac_cv_func_poll=no
ac_cv_func_pow=yes
ac_cv_func_powf=yes
ac_cv_func_putenv=yes
ac_cv_func_qsort=yes
ac_cv_func_realloc=yes
ac_cv_func_rindex=no
ac_cv_func_round=yes
ac_cv_func_roundf=yes
ac_cv_func_scalbn=yes
ac_cv_func_scalbnf=yes
ac_cv_func_setenv=no
ac_cv_func_setjmp=yes
ac_cv_func_sigaction=no
ac_cv_func_sin=yes
ac_cv_func_sinf=yes
ac_cv_func_sqrt=yes
ac_cv_func_sqrtf=yes
ac_cv_func_strcasecmp=yes
ac_cv_func_strcasestr=no
ac_cv_func_strchr=yes
ac_cv_func_strcmp=yes
ac_cv_func_strlcat=no
ac_cv_func_strlcpy=no
ac_cv_func_strlen=yes
ac_cv_func_strncasecmp=yes
ac_cv_func_strncmp=yes
ac_cv_func_strrchr=yes
ac_cv_func_strstr=yes
ac_cv_func_strtod=yes
ac_cv_func_strtok_r=yes
ac_cv_func_strtol=yes
ac_cv_func_strtoll=yes
ac_cv_func_strtoul=yes
ac_cv_func_strtoull=yes
ac_cv_func_sysconf=no
ac_cv_func_sysctlbyname=no
ac_cv_func_tan=yes
ac_cv_func_tanf=yes
ac_cv_func_trunc=yes
ac_cv_func_truncf=yes
ac_cv_func_unsetenv=no
ac_cv_func_vsnprintf=yes
ac_cv_func_vsscanf=yes
ac_cv_func_wcscasecmp=no
ac_cv_func_wcscmp=yes
ac_cv_func_wcsdup=yes
ac_cv_func_wcslcat=no
ac_cv_func_wcslcpy=no
ac_cv_func_wcslen=yes
ac_cv_func_wcsncasecmp=no
ac_cv_func_wcsncmp=yes
ac_cv_func_wcsstr=yes
ac_cv_header_audioclient_h=yes
ac_cv_header_ctype_h=yes
ac_cv_header_d3d11_1_h=yes
ac_cv_header_d3d9_h=yes
ac_cv_header_ddraw_h=yes
ac_cv_header_dinput_h=yes
ac_cv_header_dlfcn_h=no
ac_cv_header_dsound_h=yes
ac_cv_header_dxgi_h=yes
ac_cv_header_float_h=yes
ac_cv_header_iconv_h=no
ac_cv_header_inttypes_h=yes
ac_cv_header_libunwind_h=no
ac_cv_header_limits_h=yes
ac_cv_header_linux_input_h=no
ac_cv_header_malloc_h=yes
ac_cv_header_math_h=yes
ac_cv_header_memory_h=yes
ac_cv_header_mmdeviceapi_h=yes
ac_cv_header_roapi_h=yes
ac_cv_header_sensorsapi_h=yes
ac_cv_header_shellscalingapi_h=yes
ac_cv_header_signal_h=yes
ac_cv_header_stdarg_h=yes
ac_cv_header_stddef_h=yes
ac_cv_header_stdint_h=yes
ac_cv_header_stdio_h=yes
ac_cv_header_stdlib_h=yes
ac_cv_header_string_h=yes
ac_cv_header_strings_h=yes
ac_cv_header_sys_stat_h=yes
ac_cv_header_sys_types_h=yes
ac_cv_header_tpcshrd_h=yes
ac_cv_header_unistd_h=yes
ac_cv_header_wchar_h=yes
ac_cv_header_xinput_h=yes
ac_cv_host=x86_64-pc-mingw64
ac_cv_lib_iconv_iconv_open=no
ac_cv_lib_m_pow=yes
ac_cv_lib_mingw32_main=yes
ac_cv_member_struct_sigaction_sa_sigaction=no
ac_cv_objext=o
ac_cv_path_EGREP='/usr/bin/grep -E'
ac_cv_path_FGREP='/usr/bin/grep -F'
ac_cv_path_GREP=/usr/bin/grep
ac_cv_path_SED=/usr/bin/sed
ac_cv_path_install='/usr/bin/install -c'
ac_cv_path_lt_DD=/usr/bin/dd
ac_cv_prog_AWK=gawk
ac_cv_prog_CPP='gcc -E'
ac_cv_prog_CXXCPP='g++ -E'
ac_cv_prog_SORT=sort
ac_cv_prog_ac_ct_AR=ar
ac_cv_prog_ac_ct_AS=as
ac_cv_prog_ac_ct_CC=gcc
ac_cv_prog_ac_ct_CXX=g++
ac_cv_prog_ac_ct_DLLTOOL=dlltool
ac_cv_prog_ac_ct_OBJDUMP=objdump
ac_cv_prog_ac_ct_RANLIB=ranlib
ac_cv_prog_ac_ct_RC=windres
ac_cv_prog_ac_ct_STRIP=strip
ac_cv_prog_cc_c11=
ac_cv_prog_cc_g=yes
ac_cv_prog_cc_stdc=
ac_cv_prog_cxx_11=no
ac_cv_prog_cxx_cxx11=
ac_cv_prog_cxx_g=yes
ac_cv_prog_cxx_stdcxx=
ac_cv_prog_make_make_set=yes
ac_cv_sys_file_offset_bits=64
ac_cv_sys_largefile_CC=no
ac_cv_type_size_t=yes
ac_cv_working_alloca_h=no
lt_cv_ar_at_file=@
lt_cv_archive_cmds_need_lc=yes
lt_cv_deplibs_check_method=pass_all
lt_cv_file_magic_cmd=func_win32_libid
lt_cv_file_magic_test_file=
lt_cv_ld_reload_flag=-r
lt_cv_nm_interface='BSD nm'
lt_cv_objdir=.libs
lt_cv_path_LD=C:/Users/voan2/scoop/apps/gcc/13.2.0/x86_64-w64-mingw32/bin/ld.exe
lt_cv_path_LDCXX=C:/Users/voan2/scoop/apps/gcc/13.2.0/x86_64-w64-mingw32/bin/ld.exe
lt_cv_path_NM='/c/Users/voan2/scoop/apps/gcc/current/bin/nm -B'
lt_cv_path_mainfest_tool=no
lt_cv_prog_compiler_c_o=yes
lt_cv_prog_compiler_c_o_CXX=yes
lt_cv_prog_compiler_c_o_RC=yes
lt_cv_prog_compiler_pic='-DDLL_EXPORT -DPIC'
lt_cv_prog_compiler_pic_CXX='-DDLL_EXPORT -DPIC'
lt_cv_prog_compiler_pic_works=yes
lt_cv_prog_compiler_pic_works_CXX=yes
lt_cv_prog_compiler_rtti_exceptions=no
lt_cv_prog_compiler_static_works=yes
lt_cv_prog_compiler_static_works_CXX=yes
lt_cv_prog_gnu_ld=yes
lt_cv_prog_gnu_ldcxx=yes
lt_cv_sharedlib_from_linklib_cmd=func_cygming_dll_for_implib
lt_cv_sys_global_symbol_pipe='sed -n -e '\''s/^.*[	 ]\([ABCDGIRSTW][ABCDGIRSTW]*\)[	 ][	 ]*\([_A-Za-z][_A-Za-z0-9]*\)\{0,1\}$/\1 \2 \2/p'\'' | sed '\''/ __gnu_lto/d'\'''
lt_cv_sys_global_symbol_to_c_name_address='sed -n -e '\''s/^: \(.*\) .*$/  {"\1", (void *) 0},/p'\'' -e '\''s/^[ABCDGIRSTW][ABCDGIRSTW]* .* \(.*\)$/  {"\1", (void *) \&\1},/p'\'''
lt_cv_sys_global_symbol_to_c_name_address_lib_prefix='sed -n -e '\''s/^: \(.*\) .*$/  {"\1", (void *) 0},/p'\'' -e '\''s/^[ABCDGIRSTW][ABCDGIRSTW]* .* \(lib.*\)$/  {"\1", (void *) \&\1},/p'\'' -e '\''s/^[ABCDGIRSTW][ABCDGIRSTW]* .* \(.*\)$/  {"lib\1", (void *) \&\1},/p'\'''
lt_cv_sys_global_symbol_to_cdecl='sed -n -e '\''s/^T .* \(.*\)$/extern int \1();/p'\'' -e '\''s/^[ABCDGIRSTW][ABCDGIRSTW]* .* \(.*\)$/extern char \1;/p'\'''
lt_cv_sys_global_symbol_to_import=
lt_cv_sys_max_cmd_len=8192
lt_cv_to_host_file_cmd=func_convert_file_msys_to_w32
lt_cv_to_tool_file_cmd=func_convert_file_msys_to_w32
lt_cv_truncate_bin='/usr/bin/dd bs=4096 count=1'

## ----------------- ##
## Output variables. ##
## ----------------- ##

ALLOCA=''
ALSA_CFLAGS=''
ALSA_LIBS=''
AR='ar'
ARTSCONFIG=''
AS='as'
AWK='gawk'
BUILD_CFLAGS='-g -O3 -DUSING_GENERATED_CONFIG_H'
BUILD_LDFLAGS=' -Wl,--no-undefined -Wc,-static-libgcc'
CC='gcc'
CFLAGS='-g -O2 -I./include -idirafter ./src/video/khronos '
CPP='gcc -E'
CPPFLAGS=' -I./include -idirafter ./src/video/khronos '
CXX='g++'
CXXCPP='g++ -E'
CXXFLAGS='-g -O2'
DBUS_CFLAGS=''
DBUS_LIBS=''
DECOR_CFLAGS=''
DECOR_LIBS=''
DEFS='-DHAVE_CONFIG_H'
DIRECTFB_CFLAGS=''
DIRECTFB_LIBS=''
DLLTOOL='dlltool'
DSYMUTIL=''
DUMPBIN=''
ECHO_C=''
ECHO_N='-n'
ECHO_T=''
EGREP='/usr/bin/grep -E'
ENABLE_SHARED_FALSE='#'
ENABLE_SHARED_TRUE=''
ENABLE_STATIC_FALSE='#'
ENABLE_STATIC_TRUE=''
ESD_CFLAGS=''
ESD_CONFIG=''
ESD_LIBS=''
EXEEXT='.exe'
EXTRA_CFLAGS='-I./include -idirafter ./src/video/khronos  -DSDL_BUILD_MAJOR_VERSION=2 -DSDL_BUILD_MINOR_VERSION=28 -DSDL_BUILD_MICRO_VERSION=5 -mmmx -m3dnow -msse -msse2 -msse3 -Wall -Wno-unused-local-typedefs -fno-strict-aliasing -gdwarf-4 -Wdeclaration-after-statement -Werror=declaration-after-statement'
EXTRA_LDFLAGS=' -Wl,--dynamicbase -Wl,--nxcompat -Wl,--high-entropy-va -lm -ldinput8 -ldxguid -ldxerr8 -luser32 -lgdi32 -lwinmm -limm32 -lole32 -loleaut32 -lshell32 -lsetupapi -lversion -luuid'
FGREP='/usr/bin/grep -F'
FUSIONSOUND_CFLAGS=''
FUSIONSOUND_LIBS=''
GEN_HEADERS=''
GEN_OBJECTS=''
GREP='/usr/bin/grep'
IBUS_CFLAGS=''
IBUS_LIBS=''
INCLUDE='-I./include -idirafter ./src/video/khronos'
INSTALL_DATA='${INSTALL} -m 644'
INSTALL_PROGRAM='${INSTALL}'
INSTALL_SCRIPT='${INSTALL}'
INSTALL_SDL2_CONFIG='TRUE'
JACK_CFLAGS=''
JACK_LIBS=''
LD='C:/Users/voan2/scoop/apps/gcc/13.2.0/x86_64-w64-mingw32/bin/ld.exe'
LDFLAGS=''
LIBDRM_CFLAGS=''
LIBDRM_LIBS=''
LIBGBM_CFLAGS=''
LIBGBM_LIBS=''
LIBOBJS=''
LIBS=' -lm'
LIBTOOL='$(SHELL) $(top_builddir)/libtool'
LIBTOOLLINKERTAG='CC'
LIBUSB_CFLAGS=''
LIBUSB_LIBS=''
LINKER='$(CC)'
LIPO=''
LN_S='cp -pR'
LTLIBOBJS=''
LT_AGE='2800'
LT_CURRENT='2800'
LT_RELEASE='2.0'
LT_REVISION='5'
LT_SYS_LIBRARY_PATH=''
Libs.private:'
MANIFEST_TOOL=':'
NM='/c/Users/voan2/scoop/apps/gcc/current/bin/nm -B'
NMEDIT=''
OBJDUMP='objdump'
OBJECTS='$(objects)/SDL.lo $(objects)/SDL_assert.lo $(objects)/SDL_dataqueue.lo $(objects)/SDL_error.lo $(objects)/SDL_guid.lo $(objects)/SDL_hints.lo $(objects)/SDL_list.lo $(objects)/SDL_log.lo $(objects)/SDL_utils.lo $(objects)/SDL_atomic.lo $(objects)/SDL_spinlock.lo $(objects)/SDL_audio.lo $(objects)/SDL_audiocvt.lo $(objects)/SDL_audiodev.lo $(objects)/SDL_audiotypecvt.lo $(objects)/SDL_mixer.lo $(objects)/SDL_wave.lo $(objects)/SDL_cpuinfo.lo $(objects)/SDL_dynapi.lo $(objects)/SDL_clipboardevents.lo $(objects)/SDL_displayevents.lo $(objects)/SDL_dropevents.lo $(objects)/SDL_events.lo $(objects)/SDL_gesture.lo $(objects)/SDL_keyboard.lo $(objects)/SDL_keysym_to_scancode.lo $(objects)/SDL_mouse.lo $(objects)/SDL_quit.lo $(objects)/SDL_scancode_tables.lo $(objects)/SDL_touch.lo $(objects)/SDL_windowevents.lo $(objects)/imKStoUCS.lo $(objects)/SDL_rwops.lo $(objects)/SDL_haptic.lo $(objects)/SDL_hidapi.lo $(objects)/SDL_gamecontroller.lo $(objects)/SDL_joystick.lo $(objects)/controller_type.lo $(objects)/e_atan2.lo $(objects)/e_exp.lo $(objects)/e_fmod.lo $(objects)/e_log.lo $(objects)/e_log10.lo $(objects)/e_pow.lo $(objects)/e_rem_pio2.lo $(objects)/e_sqrt.lo $(objects)/k_cos.lo $(objects)/k_rem_pio2.lo $(objects)/k_sin.lo $(objects)/k_tan.lo $(objects)/s_atan.lo $(objects)/s_copysign.lo $(objects)/s_cos.lo $(objects)/s_fabs.lo $(objects)/s_floor.lo $(objects)/s_scalbn.lo $(objects)/s_sin.lo $(objects)/s_tan.lo $(objects)/SDL_url.lo $(objects)/SDL_power.lo $(objects)/SDL_d3dmath.lo $(objects)/SDL_render.lo $(objects)/SDL_yuv_sw.lo $(objects)/SDL_render_d3d.lo $(objects)/SDL_shaders_d3d.lo $(objects)/SDL_render_d3d11.lo $(objects)/SDL_shaders_d3d11.lo $(objects)/SDL_render_d3d12.lo $(objects)/SDL_shaders_d3d12.lo $(objects)/SDL_render_gl.lo $(objects)/SDL_shaders_gl.lo $(objects)/SDL_render_gles.lo $(objects)/SDL_render_gles2.lo $(objects)/SDL_shaders_gles2.lo $(objects)/SDL_render_ps2.lo $(objects)/SDL_render_psp.lo $(objects)/SDL_blendfillrect.lo $(objects)/SDL_blendline.lo $(objects)/SDL_blendpoint.lo $(objects)/SDL_drawline.lo $(objects)/SDL_drawpoint.lo $(objects)/SDL_render_sw.lo $(objects)/SDL_rotate.lo $(objects)/SDL_triangle.lo $(objects)/SDL_render_vita_gxm.lo $(objects)/SDL_render_vita_gxm_memory.lo $(objects)/SDL_render_vita_gxm_tools.lo $(objects)/SDL_sensor.lo $(objects)/SDL_crc16.lo $(objects)/SDL_crc32.lo $(objects)/SDL_getenv.lo $(objects)/SDL_iconv.lo $(objects)/SDL_malloc.lo $(objects)/SDL_mslibc.lo $(objects)/SDL_qsort.lo $(objects)/SDL_stdlib.lo $(objects)/SDL_string.lo $(objects)/SDL_strtokr.lo $(objects)/SDL_thread.lo $(objects)/SDL_timer.lo $(objects)/SDL_RLEaccel.lo $(objects)/SDL_blit.lo $(objects)/SDL_blit_0.lo $(objects)/SDL_blit_1.lo $(objects)/SDL_blit_A.lo $(objects)/SDL_blit_N.lo $(objects)/SDL_blit_auto.lo $(objects)/SDL_blit_copy.lo $(objects)/SDL_blit_slow.lo $(objects)/SDL_bmp.lo $(objects)/SDL_clipboard.lo $(objects)/SDL_egl.lo $(objects)/SDL_fillrect.lo $(objects)/SDL_pixels.lo $(objects)/SDL_rect.lo $(objects)/SDL_shape.lo $(objects)/SDL_stretch.lo $(objects)/SDL_surface.lo $(objects)/SDL_video.lo $(objects)/SDL_vulkan_utils.lo $(objects)/SDL_yuv.lo $(objects)/yuv_rgb.lo $(objects)/SDL_locale.lo $(objects)/SDL_nullevents.lo $(objects)/SDL_nullframebuffer.lo $(objects)/SDL_nullvideo.lo $(objects)/SDL_offscreenevents.lo $(objects)/SDL_offscreenframebuffer.lo $(objects)/SDL_offscreenopengles.lo $(objects)/SDL_offscreenvideo.lo $(objects)/SDL_offscreenwindow.lo $(objects)/SDL_diskaudio.lo $(objects)/SDL_dummyaudio.lo $(objects)/SDL_hidapi_combined.lo $(objects)/SDL_hidapi_gamecube.lo $(objects)/SDL_hidapi_luna.lo $(objects)/SDL_hidapi_ps3.lo $(objects)/SDL_hidapi_ps4.lo $(objects)/SDL_hidapi_ps5.lo $(objects)/SDL_hidapi_rumble.lo $(objects)/SDL_hidapi_shield.lo $(objects)/SDL_hidapi_stadia.lo $(objects)/SDL_hidapi_steam.lo $(objects)/SDL_hidapi_switch.lo $(objects)/SDL_hidapi_wii.lo $(objects)/SDL_hidapi_xbox360.lo $(objects)/SDL_hidapi_xbox360w.lo $(objects)/SDL_hidapi_xboxone.lo $(objects)/SDL_hidapijoystick.lo $(objects)/SDL_hid.lo $(objects)/SDL_immdevice.lo $(objects)/SDL_windows.lo $(objects)/SDL_xinput.lo $(objects)/SDL_sysurl.lo $(objects)/SDL_syslocale.lo $(objects)/SDL_windowsclipboard.lo $(objects)/SDL_windowsevents.lo $(objects)/SDL_windowsframebuffer.lo $(objects)/SDL_windowskeyboard.lo $(objects)/SDL_windowsmessagebox.lo $(objects)/SDL_windowsmodes.lo $(objects)/SDL_windowsmouse.lo $(objects)/SDL_windowsopengl.lo $(objects)/SDL_windowsopengles.lo $(objects)/SDL_windowsshape.lo $(objects)/SDL_windowsvideo.lo $(objects)/SDL_windowsvulkan.lo $(objects)/SDL_windowswindow.lo $(objects)/SDL_winmm.lo $(objects)/SDL_directsound.lo $(objects)/SDL_wasapi.lo $(objects)/SDL_wasapi_win32.lo $(objects)/SDL_dinputjoystick.lo $(objects)/SDL_rawinputjoystick.lo $(objects)/SDL_windows_gaming_input.lo $(objects)/SDL_windowsjoystick.lo $(objects)/SDL_xinputjoystick.lo $(objects)/SDL_dinputhaptic.lo $(objects)/SDL_windowshaptic.lo $(objects)/SDL_xinputhaptic.lo $(objects)/SDL_windowssensor.lo $(objects)/SDL_syspower.lo $(objects)/SDL_sysfilesystem.lo $(objects)/SDL_syscond_cv.lo $(objects)/SDL_sysmutex.lo $(objects)/SDL_syssem.lo $(objects)/SDL_systhread.lo $(objects)/SDL_systls.lo $(objects)/SDL_syscond.lo $(objects)/SDL_systimer.lo $(objects)/SDL_sysloadso.lo $(objects)/SDL_virtualjoystick.lo'
OBJEXT='o'
OTOOL64=''
OTOOL=''
PACKAGE_BUGREPORT=''
PACKAGE_NAME=''
PACKAGE_STRING=''
PACKAGE_TARNAME=''
PACKAGE_URL=''
PACKAGE_VERSION=''
PATH_SEPARATOR=':'
PIPEWIRE_CFLAGS=''
PIPEWIRE_LIBS=''
PKGCONFIG_DEPENDS=''
PKGCONFIG_LIBS_PRIV='
PKG_CONFIG=''
PKG_CONFIG_LIBDIR=''
PKG_CONFIG_PATH='/mingw64/lib/pkgconfig:/mingw64/share/pkgconfig'
PULSEAUDIO_CFLAGS=''
PULSEAUDIO_LIBS=''
RANLIB='ranlib'
RC='windres'
RPI_CFLAGS=''
RPI_LIBS=''
SDLMAIN_OBJECTS='$(objects)/SDL_windows_main.lo'
SDLTEST_OBJECTS='$(objects)/SDL_test_assert.lo $(objects)/SDL_test_common.lo $(objects)/SDL_test_compare.lo $(objects)/SDL_test_crc32.lo $(objects)/SDL_test_font.lo $(objects)/SDL_test_fuzzer.lo $(objects)/SDL_test_harness.lo $(objects)/SDL_test_imageBlit.lo $(objects)/SDL_test_imageBlitBlend.lo $(objects)/SDL_test_imageFace.lo $(objects)/SDL_test_imagePrimitives.lo $(objects)/SDL_test_imagePrimitivesBlend.lo $(objects)/SDL_test_log.lo $(objects)/SDL_test_md5.lo $(objects)/SDL_test_memory.lo $(objects)/SDL_test_random.lo'
SDL_BINARY_AGE='2805'
SDL_CFLAGS=' -Dmain=SDL_main'
SDL_INTERFACE_AGE='5'
SDL_LIBS='-lmingw32 -lSDL2main -lSDL2 -mwindows'
SDL_MAJOR_VERSION='2'
SDL_MICRO_VERSION='5'
SDL_MINOR_VERSION='28'
SDL_RLD_FLAGS=''
SDL_STATIC_LIBS=' -Wl,--dynamicbase -Wl,--nxcompat -Wl,--high-entropy-va -lm -ldinput8 -ldxguid -ldxerr8 -luser32 -lgdi32 -lwinmm -limm32 -lole32 -loleaut32 -lshell32 -lsetupapi -lversion -luuid'
SDL_VENDOR_INFO=''
SDL_VERSION='2.28.5'
SED='/usr/bin/sed'
SET_MAKE=''
SHELL='/bin/sh'
SNDIO_CFLAGS=''
SNDIO_LIBS=''
SORT='sort'
STRIP='strip'
VERSION_OBJECTS='$(objects)/version.lo'
WAYLAND_SCANNER=''
WAYLAND_SCANNER_CODE_MODE=''
XMKMF=''
X_CFLAGS=''
X_EXTRA_LIBS=''
X_LIBS=''
X_PRE_LIBS=''
ac_aux_dir='./build-scripts/'
ac_ct_AR='ar'
ac_ct_CC='gcc'
ac_ct_CXX='g++'
ac_ct_DUMPBIN=''
bin_prefix_relpath='..'
bindir='${exec_prefix}/bin'
build='x86_64-pc-mingw64'
build_alias=''
build_cpu='x86_64'
build_os='mingw64'
build_vendor='pc'
cmake_prefix_relpath='../../..'
datadir='${datarootdir}'
datarootdir='${prefix}/share'
docdir='${datarootdir}/doc/${PACKAGE}'
dvidir='${docdir}'
exec_prefix='${prefix}'
host='x86_64-pc-mingw64'
host_alias=''
host_cpu='x86_64'
host_os='mingw64'
host_vendor='pc'
htmldir='${docdir}'
includedir='${prefix}/include'
infodir='${datarootdir}/info'
libdir='${exec_prefix}/lib'
libexecdir='${exec_prefix}/libexec'
localedir='${datarootdir}/locale'
localstatedir='${prefix}/var'
mandir='${datarootdir}/man'
oldincludedir='/usr/include'
pdfdir='${docdir}'
prefix='/c/Users/voan2/SDL2-scoop'
program_transform_name='s,x,x,'
psdir='${docdir}'
runstatedir='${localstatedir}/run'
sbindir='${exec_prefix}/sbin'
sharedstatedir='${prefix}/com'
sysconfdir='${prefix}/etc'
target_alias=''

## ----------- ##
## confdefs.h. ##
## ----------- ##

/* confdefs.h */
#define PACKAGE_NAME ""
#define PACKAGE_TARNAME ""
#define PACKAGE_VERSION ""
#define PACKAGE_STRING ""
#define PACKAGE_BUGREPORT ""
#define PACKAGE_URL ""
#define HAVE_STDIO_H 1
#define HAVE_STDLIB_H 1
#define HAVE_STRING_H 1
#define HAVE_INTTYPES_H 1
#define HAVE_STDINT_H 1
#define HAVE_STRINGS_H 1
#define HAVE_SYS_STAT_H 1
#define HAVE_SYS_TYPES_H 1
#define HAVE_UNISTD_H 1
#define STDC_HEADERS 1
#define LT_OBJDIR ".libs/"
#define _FILE_OFFSET_BITS 64
#define HAVE_LIBC 1
#define HAVE_SYS_TYPES_H 1
#define HAVE_STDIO_H 1
#define HAVE_STDLIB_H 1
#define HAVE_STDDEF_H 1
#define HAVE_STDARG_H 1
#define HAVE_MALLOC_H 1
#define HAVE_MEMORY_H 1
#define HAVE_STRING_H 1
#define HAVE_STRINGS_H 1
#define HAVE_WCHAR_H 1
#define HAVE_INTTYPES_H 1
#define HAVE_STDINT_H 1
#define HAVE_LIMITS_H 1
#define HAVE_CTYPE_H 1
#define HAVE_MATH_H 1
#define HAVE_FLOAT_H 1
#define HAVE_SIGNAL_H 1
#define HAVE_M_PI /**/
#define HAVE_ALLOCA 1
#define HAVE_MALLOC 1
#define HAVE_CALLOC 1
#define HAVE_REALLOC 1
#define HAVE_FREE 1
#define HAVE_GETENV 1
#define HAVE_PUTENV 1
#define HAVE_BSEARCH 1
#define HAVE_QSORT 1
#define HAVE_ABS 1
#define HAVE_MEMSET 1
#define HAVE_MEMCMP 1
#define HAVE_MEMCPY 1
#define HAVE_MEMMOVE 1
#define HAVE_WCSLEN 1
#define HAVE__WCSDUP 1
#define HAVE_WCSDUP 1
#define HAVE_WCSSTR 1
#define HAVE_WCSCMP 1
#define HAVE_WCSNCMP 1
#define HAVE__WCSICMP 1
#define HAVE__WCSNICMP 1
#define HAVE_STRLEN 1
#define HAVE__STRREV 1
#define HAVE__STRUPR 1
#define HAVE__STRLWR 1
#define HAVE_STRCHR 1
#define HAVE_STRRCHR 1
#define HAVE_STRSTR 1
#define HAVE_STRTOK_R 1
#define HAVE_ITOA 1
#define HAVE__LTOA 1
#define HAVE__ULTOA 1
#define HAVE_STRTOD 1
#define HAVE_STRTOL 1
#define HAVE_STRTOUL 1
#define HAVE__I64TOA 1
#define HAVE__UI64TOA 1
#define HAVE_STRTOLL 1
#define HAVE_STRTOULL 1
#define HAVE_ATOI 1
#define HAVE_ATOF 1
#define HAVE_STRCMP 1
#define HAVE_STRNCMP 1
#define HAVE__STRICMP 1
#define HAVE_STRCASECMP 1
#define HAVE__STRNICMP 1
#define HAVE_STRNCASECMP 1
#define HAVE_VSSCANF 1
#define HAVE_VSNPRINTF 1
#define HAVE_FOPEN64 1
#define HAVE_FSEEKO 1
#define HAVE_FSEEKO64 1
#define HAVE_SETJMP 1
#define HAVE_NANOSLEEP 1
#define HAVE__EXIT 1
#define HAVE_ACOS 1
#define HAVE_ACOSF 1
#define HAVE_ASIN 1
#define HAVE_ASINF 1
#define HAVE_ATAN 1
#define HAVE_ATANF 1
#define HAVE_ATAN2 1
#define HAVE_ATAN2F 1
#define HAVE_CEIL 1
#define HAVE_CEILF 1
#define HAVE_COPYSIGN 1
#define HAVE_COPYSIGNF 1
#define HAVE_COS 1
#define HAVE_COSF 1
#define HAVE_EXP 1
#define HAVE_EXPF 1
#define HAVE_FABS 1
#define HAVE_FABSF 1
#define HAVE_FLOOR 1
#define HAVE_FLOORF 1
#define HAVE_TRUNC 1
#define HAVE_TRUNCF 1
#define HAVE_FMOD 1
#define HAVE_FMODF 1
#define HAVE_LOG 1
#define HAVE_LOGF 1
#define HAVE_LOG10 1
#define HAVE_LOG10F 1
#define HAVE_LROUND 1
#define HAVE_LROUNDF 1
#define HAVE_POW 1
#define HAVE_POWF 1
#define HAVE_ROUND 1
#define HAVE_ROUNDF 1
#define HAVE_SCALBN 1
#define HAVE_SCALBNF 1
#define HAVE_SIN 1
#define HAVE_SINF 1
#define HAVE_SQRT 1
#define HAVE_SQRTF 1
#define HAVE_TAN 1
#define HAVE_TANF 1
#define HAVE_GCC_ATOMICS 1
#define HAVE_IMMINTRIN_H 1
#define SDL_VIDEO_DRIVER_DUMMY 1
#define SDL_VIDEO_DRIVER_OFFSCREEN 1
#define SDL_AUDIO_DRIVER_DISK 1
#define SDL_AUDIO_DRIVER_DUMMY 1
#define HAVE_TPCSHRD_H 1
#define HAVE_ROAPI_H 1
#define SDL_VIDEO_OPENGL 1
#define SDL_VIDEO_OPENGL_WGL 1
#define SDL_VIDEO_RENDER_OGL 1
#define SDL_VIDEO_OPENGL 1
#define SDL_VIDEO_OPENGL_EGL 1
#define SDL_VIDEO_OPENGL 1
#define SDL_VIDEO_OPENGL_ES2 1
#define SDL_VIDEO_RENDER_OGL_ES2 1
#define SDL_VIDEO_VULKAN 1
#define HAVE_DDRAW_H 1
#define HAVE_DINPUT_H 1
#define HAVE_DSOUND_H 1
#define HAVE_DXGI_H 1
#define HAVE_XINPUT_H 1
#define HAVE_WINDOWS_GAMING_INPUT_H 1
#define HAVE_MMDEVICEAPI_H 1
#define HAVE_AUDIOCLIENT_H 1
#define SDL_JOYSTICK_HIDAPI 1
#define SDL_VIDEO_DRIVER_WINDOWS 1
#define SDL_VIDEO_RENDER_D3D 1
#define SDL_VIDEO_RENDER_D3D11 1
#define SDL_VIDEO_RENDER_D3D12 1
#define SDL_AUDIO_DRIVER_WINMM 1
#define SDL_AUDIO_DRIVER_DSOUND 1
#define SDL_AUDIO_DRIVER_WASAPI 1
#define SDL_JOYSTICK_RAWINPUT 1
#define SDL_JOYSTICK_XINPUT 1
#define SDL_JOYSTICK_WGI 1
#define SDL_JOYSTICK_DINPUT 1
#define SDL_HAPTIC_XINPUT 1
#define SDL_HAPTIC_DINPUT 1
#define HAVE_SENSORSAPI_H 1
#define SDL_SENSOR_WINDOWS 1
#define SDL_POWER_WINDOWS 1
#define SDL_FILESYSTEM_WINDOWS 1
#define SDL_THREAD_GENERIC_COND_SUFFIX 1
#define SDL_THREAD_WINDOWS 1
#define SDL_TIMER_WINDOWS 1
#define SDL_LOADSO_WINDOWS 1
#define SDL_JOYSTICK_VIRTUAL 1

configure: exit 0
